"","label","species","plant_number","leaf_number","area","std_dev","x","y","xm","ym","perim","bx","by","width","height","major","minor","angle","circ","feret","feret_x","feret_y","feret_angle","min_feret","ar","round","solidity","x_1"
"1","ARTCAL_P1_R1_W_00001.jpg","ARTCAL",1,1,0.56612806,11.776995331,16.82461526,6.707484099,16.825258805,6.707431724,17.105729393,14.806831844,5.73290156,3.467582842,1.953151893,1.364816845,0.52814166,8.291715018,0.024313157,3.494699295,3510,1664,7.142173342,1.709222775,2.584187064,0.38696889,0.152631213,1
"2","ARTCAL_P1_R1_W_00001.jpg","ARTCAL",1,2,0.523650215,13.027417936,9.720611822,10.022965463,9.721006721,10.022928566,14.09908995,7.584810158,8.955813106,3.59413696,1.860345539,1.360606129,0.49002584,2.490682547,0.033103125,3.596831909,1798,2425,177.781906023,1.763321585,2.77660078,0.360152604,0.15250504,2
"3","ARTCAL_P1_R1_W_00001.jpg","ARTCAL",1,3,0.57422501,20.888974777,15.767405238,16.304575465,15.771225558,16.304446824,16.875987709,13.726903367,15.33835914,3.400087312,1.873000951,1.354111609,0.539930376,3.001748316,0.025336905,3.427205575,3254,3860,172.787509247,1.595923625,2.507937446,0.398734028,0.158254822,4
"4","ARTCAL_P1_R1_W_00001.jpg","ARTCAL",1,4,0.50419974,12.568881759,9.678782485,18.723621506,9.679008132,18.723564195,13.663015747,7.825262983,17.734450447,3.016206487,1.957370363,1.255068179,0.51149974,167.298735194,0.033940587,3.076769237,1855,4395,168.613036409,1.678155192,2.453702477,0.407547374,0.160472361,5
"5","ARTCAL_P1_R1_W_00001.jpg","ARTCAL",1,5,0.43508204,17.821354694,13.086443198,24.173834718,13.087131266,24.173783019,13.706617872,11.634541944,23.336579418,2.505771543,1.868782481,0.969431842,0.571431259,171.642151479,0.029101837,2.517688437,2758,5678,174.42314135,1.701187893,1.696497743,0.589449649,0.174536602,6
"6","ARTCAL_P2_R1_W_00003.jpg","ARTCAL",2,1,0.217549918,19.241351685,16.609797383,5.014692359,16.610389064,5.014857648,6.458081003,15.793953966,4.564385201,1.822379304,0.894315769,0.915532563,0.302548669,179.444430755,0.065548357,1.825676883,3744,1226,3.444202515,0.818736088,3.026067068,0.330461942,0.250209787,8
"7","ARTCAL_P2_R1_W_00003.jpg","ARTCAL",2,2,0.170000357,16.466901159,10.34563402,6.728572566,10.345607162,6.728624476,5.16515172,9.67295311,6.42473074,1.539741773,0.696047651,0.838467281,0.258151012,8.166554615,0.08007437,1.544933873,2293,1601,4.698680517,0.641563918,3.247972088,0.307884419,0.297642972,9
"8","ARTCAL_P2_R1_W_00003.jpg","ARTCAL",2,3,0.146919601,36.834842209,15.878637107,13.301929753,15.882066749,13.30121165,3.655962814,15.456476318,12.959141716,1.046180711,0.658081415,0.857117974,0.218247489,25.02222479,0.138129381,1.104732001,3681,3209,30.776148232,0.404310648,3.927275304,0.254629463,0.515774349,11
"9","ARTCAL_P2_R1_W_00003.jpg","ARTCAL",2,4,0.170427449,21.096889426,8.920603611,15.793107145,8.920338878,15.793391341,5.238788685,8.453815104,15.561938083,1.214919536,0.565275062,0.796457266,0.272450233,17.93048724,0.078034678,1.250290926,2004,3770,13.661153707,0.536472357,2.923312849,0.342077654,0.400300947,12
"10","ARTCAL_P2_R1_W_00003.jpg","ARTCAL",2,5,0.180802222,18.022167951,13.20460522,22.494053264,13.205449448,22.493986338,5.101296372,12.541513126,21.96557647,1.59036342,0.704484592,0.757144788,0.304042955,169.314910402,0.087307694,1.590503284,2973,5361,179.240153574,0.703577885,2.490255981,0.401565143,0.288386483,14
"11","ARTCAL_P3_R1_W_00001.jpg","ARTCAL",3,1,0.150870201,10.354383067,16.950818032,5.949402448,16.951165582,5.949448555,4.908052067,16.468909264,5.619002853,1.181171771,0.561056591,0.765031686,0.251092744,164.647720833,0.078703675,1.216507748,3904,1390,166.156508638,0.534085958,3.046809208,0.328212215,0.400236044,15
"12","ARTCAL_P3_R1_W_00001.jpg","ARTCAL",3,2,0.151083747,23.544971125,9.740964397,9.93516261,9.7404529,9.935262344,5.343175441,8.791292753,9.613894522,1.565052597,0.645426003,0.900740951,0.213563956,1.078621203,0.066501087,1.565513036,2084,2356,1.389652016,0.618069115,4.217663728,0.237098087,0.277600667,16
"13","ARTCAL_P3_R1_W_00001.jpg","ARTCAL",3,3,0.14183009,16.620703206,17.281032077,13.238724164,17.280577348,13.238529281,4.841228875,16.502657029,12.887427716,1.31194436,0.632770592,0.710101011,0.254307029,177.131830712,0.07604436,1.319761189,3912,3151,173.760930245,0.557541525,2.792298003,0.358127964,0.283897626,18
"14","ARTCAL_P3_R1_W_00001.jpg","ARTCAL",3,4,0.121454249,27.44765928,11.134951097,16.5446492,11.133826995,16.544390493,3.367701874,10.529302644,16.249548792,0.995559064,0.514653415,0.665127938,0.232497153,176.084688582,0.134572183,0.999492703,2496,3914,174.915039395,0.488561391,2.860800351,0.34955253,0.429380308,19
"15","ARTCAL_P3_R1_W_00001.jpg","ARTCAL",3,5,0.072018365,20.375785007,13.442174321,21.910134383,13.441493564,21.910132589,2.355662774,12.963360187,21.746215998,0.801509416,0.265763648,0.626210773,0.146430938,3.265522419,0.163089832,0.808417917,3073,5198,7.49585764,0.263911939,4.276492263,0.233836504,0.553322395,25
"16","ARTCAL_P4_R1_W_00001.jpg","ARTCAL",4,1,0.178862513,22.234765709,16.813877206,6.884175324,16.812804284,6.884214984,4.699424042,16.030188321,6.479570858,1.299288948,0.725576945,0.799198667,0.28495396,9.20673827,0.101774722,1.314329494,3800,1661,8.676255294,0.669967486,2.804658926,0.356549594,0.355964018,27
"17","ARTCAL_P4_R1_W_00001.jpg","ARTCAL",4,2,0.18144286,32.841002391,9.787520831,9.726116763,9.782676272,9.72728612,4.033868996,8.947376165,9.499995815,1.400532243,0.392317767,1.179952161,0.195787789,3.350732712,0.140121948,1.408097434,2121,2323,11.579240853,0.390864579,6.026689247,0.165928582,0.547098436,28
"18","ARTCAL_P4_R1_W_00001.jpg","ARTCAL",4,3,0.158273126,28.057670041,15.949074539,14.988454221,15.948596088,14.988387664,4.315140545,15.203368081,14.612782195,1.24023036,0.569493532,0.836783403,0.240826482,11.724476313,0.106813748,1.240488606,3604,3594,1.169139328,0.555172174,3.474632008,0.287800261,0.381087045,31
"19","ARTCAL_P4_R1_W_00001.jpg","ARTCAL",4,4,0.154091185,24.995062513,9.67197705,16.473356465,9.670661362,16.474265861,3.936005042,9.04861946,16.215801027,1.122113182,0.565275062,0.819258743,0.239478665,18.729847691,0.124990316,1.20658584,2145,3972,24.14554196,0.449779606,3.421009309,0.292311394,0.436397541,32
"20","ARTCAL_P4_R1_W_00001.jpg","ARTCAL",4,5,0.14996263,35.01643206,12.231899058,24.216988552,12.228032271,24.216645026,3.699637682,11.486895473,23.990442363,1.282415066,0.350133061,1.092787826,0.174725914,178.90160624,0.137681163,1.283774247,2723,5744,2.636758426,0.34955102,6.254297395,0.159890062,0.543291857,33
"21","ARTCAL_P5_R1_W_00001.jpg","ARTCAL",5,1,0.24716162,14.651391148,15.838532804,5.864442427,15.839074354,5.864230751,7.757181853,14.684496196,5.218248145,1.851908598,1.079928476,0.855727215,0.367752647,18.713909048,0.051615834,2.012922278,3481,1464,23.072458016,1.059311381,2.326909735,0.42975453,0.209680098,34
"22","ARTCAL_P5_R1_W_00001.jpg","ARTCAL",5,2,0.25561448,12.208860175,9.789701135,9.467929682,9.789684883,9.467703807,7.797495031,8.803948165,8.943157695,1.750665303,1.295070477,0.842956424,0.386091683,152.60552217,0.052830546,1.862372362,2088,2125,159.307247188,1.11968282,2.183306355,0.458020927,0.205948771,36
"23","ARTCAL_P5_R1_W_00001.jpg","ARTCAL",5,3,0.23780119,12.656817184,16.319815229,14.165919001,16.31957224,14.1658759,7.004568043,15.308829846,13.503324425,1.607237303,1.24444883,0.70750777,0.4279499,15.43727559,0.060906153,1.686206659,3629,3382,18.072322149,1.11175798,1.653249062,0.60486954,0.211615662,38
"24","ARTCAL_P5_R1_W_00001.jpg","ARTCAL",5,4,0.174538208,10.291473449,9.838734532,17.504445305,9.838612951,17.504550261,5.574776172,9.014871695,16.99199962,1.404750713,0.906971181,0.670313176,0.331530032,18.208471408,0.070574126,1.513484729,2137,4228,22.275897848,0.889784275,2.021877696,0.494589758,0.226118431,39
"25","ARTCAL_P5_R1_W_00001.jpg","ARTCAL",5,5,0.230629606,18.014378617,13.436034611,23.036180368,13.435598425,23.035785453,5.742243063,12.613227126,22.678498003,1.371002948,0.818383298,0.821814576,0.357315072,156.20496399,0.087894516,1.513537639,2990,5388,154.934869642,0.813924143,2.29997176,0.434787947,0.322376031,40
"26","ARTCAL_P6_R1_W_00001.jpg","ARTCAL",6,1,0.483556966,15.286492711,17.258475144,4.415147857,17.257405302,4.41476193,14.112644754,15.422728553,3.809278961,2.982458722,1.341473654,1.551657287,0.396791132,163.566780586,0.030509893,3.116721882,3658,962,162.595086917,1.312189028,3.910514021,0.255720858,0.205810845,42
"27","ARTCAL_P6_R1_W_00001.jpg","ARTCAL",6,2,0.552158597,90.166233896,10.307194756,8.544705009,10.280803536,8.519216053,13.539253854,8.694267929,7.707145806,2.564830131,1.396313772,1.273241213,0.552157874,171.010032147,0.0378516,2.577288766,2061,1959,174.364059302,1.378766559,2.305936895,0.433663212,0.265066314,43
"28","ARTCAL_P6_R1_W_00001.jpg","ARTCAL",6,3,0.658806994,100.449589712,17.508555112,12.885093319,17.45861083,12.863243402,14.038759428,15.743332319,12.069044417,2.767316721,1.632548126,1.371843241,0.611454058,179.488367117,0.04200593,2.780384987,3732,3068,8.990703844,1.418681136,2.243575331,0.445717149,0.268317696,45
"29","ARTCAL_P6_R1_W_00001.jpg","ARTCAL",6,4,0.608178813,98.453045286,9.462452217,16.868186964,9.435111734,16.839078626,12.190760678,7.60168404,16.321262793,3.03729884,1.219138006,1.568856026,0.493580865,171.522185647,0.05142562,3.055990086,1802,3893,173.659808254,1.149506618,3.178518731,0.314611958,0.29124625,46
"30","ARTCAL_P6_R1_W_00001.jpg","ARTCAL",6,5,0.386518136,55.987470807,12.831110745,22.823619219,12.822281226,22.815071219,9.57796812,11.372996766,22.286180236,2.172512365,1.227574948,1.112155205,0.442501346,154.072796072,0.052945977,2.294514543,2696,5335,161.231939933,1.220264697,2.513337447,0.397877333,0.244106656,47
"31","ARTCAL_P7_R1_W_00001.jpg","ARTCAL",7,1,0.255632276,38.14778232,17.317861277,4.516915293,17.316634015,4.516833636,5.514094416,16.481564676,4.100353434,1.375221419,0.746669298,0.937666045,0.347118384,19.839964354,0.105651862,1.417035705,3907,1143,13.953505938,0.652462391,2.701286043,0.370194042,0.455735156,49
"32","ARTCAL_P7_R1_W_00001.jpg","ARTCAL",7,2,0.175018686,51.853392233,10.436212557,8.920825536,10.430966553,8.923398127,5.307265176,9.681390052,8.382101103,1.248667301,0.961811299,0.793346579,0.280886965,27.533808782,0.07808232,1.357620245,2295,2214,43.615097078,0.681824463,2.82443359,0.354053288,0.319219721,50
"33","ARTCAL_P7_R1_W_00001.jpg","ARTCAL",7,3,0.138537923,58.825710387,16.217998046,12.845636137,16.212630571,12.849282887,4.30518331,15.557719612,12.486673008,1.0335253,0.603241297,0.655810646,0.268967823,11.623648863,0.093928036,1.064501616,3688,3076,24.838573457,0.583282878,2.438249444,0.41013031,0.40507844,52
"34","ARTCAL_P7_R1_W_00001.jpg","ARTCAL",7,4,0.166939532,35.830271846,10.654708499,16.501949454,10.653083458,16.502805263,4.128183162,10.077926289,16.16096091,0.974466711,0.704484592,0.744876945,0.285354534,31.627346414,0.12309804,1.038343786,2389,3995,20.201867547,0.491087127,2.610356083,0.383089497,0.517501034,53
"35","ARTCAL_P7_R1_W_00001.jpg","ARTCAL",7,5,0.182866499,42.4425592,12.465287956,22.224053445,12.468493609,22.224645203,4.959097692,11.782188416,21.936047176,1.1769533,0.62433365,0.71486082,0.325703762,175.069760904,0.09344126,1.177142285,2793,5254,178.97330382,0.583680944,2.194819043,0.455618427,0.445089334,54
"36","ARTCAL_P8_R1_W_00001.jpg","ARTCAL",8,1,0.174378049,19.051561035,17.372288137,3.293423806,17.372136033,3.293342775,6.065317953,16.624992677,2.889652368,1.257104242,0.776198592,0.680840359,0.326104386,176.022226286,0.059565465,1.279893994,3941,755,169.171533332,0.674488759,2.087798839,0.478973348,0.294449953,60
"37","ARTCAL_P8_R1_W_00001.jpg","ARTCAL",8,2,0.189664378,32.041181996,11.050269912,6.442792824,11.050928583,6.442900896,4.356477295,10.347908408,6.074597679,1.138987065,0.704484592,0.780179378,0.309529056,4.282073725,0.125581228,1.156915084,2453,1544,19.82246457,0.636203171,2.520536804,0.396740884,0.41674324,61
"38","ARTCAL_P8_R1_W_00001.jpg","ARTCAL",8,3,0.275545434,35.662733796,16.333848187,10.313305452,16.333198354,10.312696062,5.516141561,15.528190318,9.80794417,1.282415066,0.906971181,0.835729122,0.419795521,4.392289124,0.113797383,1.433783631,3681,2491,26.565051177,0.785195967,1.990800474,0.502310509,0.411278006,62
"39","ARTCAL_P8_R1_W_00001.jpg","ARTCAL",8,4,0.097572695,40.644350617,10.092153145,14.176994485,10.088469306,14.174277705,2.895233165,9.521088168,13.836583603,1.155860947,0.510434944,0.775896782,0.160115903,161.683977868,0.146275326,1.206512094,2257,3291,163.339132036,0.293940562,4.84584458,0.206362376,0.408919715,64
"40","ARTCAL_P8_R1_W_00001.jpg","ARTCAL",8,5,0.328309074,28.111891617,12.875807314,19.94009675,12.878531007,19.940290165,8.342225898,11.777969945,19.358561632,1.754883774,1.075710006,1.034206442,0.404190188,6.020589008,0.059282821,1.813809917,2792,4773,16.622662708,1.035831361,2.558712388,0.390821573,0.305669693,65
"41","ARTCAL_P9_R1_W_00001.jpg","ARTCAL",9,1,0.229615263,24.87858013,16.981851326,4.635227096,16.983705781,4.635915825,6.506655505,15.950037379,4.382990965,1.72957295,0.852131063,0.967585002,0.302149405,166.283891501,0.068154571,1.766955148,3781,1058,165.764698458,0.845357996,3.202339589,0.312271691,0.266280066,66
"42","ARTCAL_P9_R1_W_00001.jpg","ARTCAL",9,2,0.301900561,25.472656911,11.39265474,7.788559056,11.391387831,7.787365573,8.427897374,10.238228172,7.217803215,1.813942363,1.092583888,0.922785624,0.416555831,7.769104774,0.053411565,1.863996052,2428,1876,17.245729786,1.027209692,2.215274772,0.451411271,0.26346236,67
"43","ARTCAL_P9_R1_W_00001.jpg","ARTCAL",9,3,0.31304054,16.281068403,16.928058891,12.7342533,16.928315258,12.73431823,10.1271019,15.760206202,12.178724653,1.915185657,1.079928476,1.026091011,0.388440782,172.684241286,0.038356599,1.975803022,3736,2993,165.281342956,0.988929437,2.641563548,0.378563673,0.256023636,69
"44","ARTCAL_P9_R1_W_00001.jpg","ARTCAL",9,4,0.203153363,20.872668837,11.199859883,15.552698908,11.200214884,15.552815673,6.269252092,10.263538996,15.173838787,1.653640479,0.949155887,0.926574628,0.279160348,162.976811378,0.064953478,1.734402017,2433,3610,162.446455174,0.819713305,3.319148425,0.301282098,0.246664434,70
"45","ARTCAL_P9_R1_W_00001.jpg","ARTCAL",9,5,0.277431756,22.742487411,14.256342264,19.550089669,14.255925905,19.550126434,8.193958526,13.136317482,18.902966807,1.847690127,0.991340594,0.977925293,0.361210703,16.302616466,0.05192524,1.853248607,3114,4708,4.438716368,0.908062666,2.70735414,0.369364312,0.275665735,71
"46","CEAGRI_P1_R1_W_00001.jpg","CEAGRI",1,1,3.892052557,13.237714858,16.260677697,5.151482472,16.260264757,5.151386114,9.058475334,14.836361138,4.108790375,2.712476603,2.041739776,2.507296283,1.97643783,172.415513914,0.596044038,2.759308688,3517,1173,169.428772775,2.037397319,1.26859355,0.788274543,0.956745028,2
"47","CEAGRI_P1_R1_W_00001.jpg","CEAGRI",1,2,4.365697433,14.691154999,8.806167502,5.140547286,8.806229169,5.140519837,9.689828507,7.31904651,4.037076374,2.864341545,2.164075423,2.686923592,2.068752022,175.859169149,0.584293851,2.890649849,1735,1169,170.084049861,2.143293448,1.29881376,0.769933327,0.95765939,1
"48","CEAGRI_P1_R1_W_00001.jpg","CEAGRI",1,3,5.38157102,15.260692193,16.46823467,12.757246666,16.468114898,12.757864599,11.116900894,14.579034431,11.626105003,3.501330607,2.265318718,3.132598612,2.187330675,177.651115802,0.547206783,3.521402296,3456,3104,6.120378351,2.264959727,1.432155937,0.698247987,0.941675424,6
"49","CEAGRI_P1_R1_W_00001.jpg","CEAGRI",1,4,4.73929604,14.145025977,8.950672661,13.19192455,8.950926285,13.191828095,9.411130955,7.39076051,12.09013677,3.028861898,2.214697071,2.812182849,2.145756324,0.697981382,0.672419143,3.03619715,1752,3151,3.983525814,2.201277324,1.310578847,0.763021624,0.965746321,7
"50","CEAGRI_P1_R1_W_00001.jpg","CEAGRI",1,5,4.806064735,17.95720736,13.479419508,21.136625205,13.478263074,21.136605835,10.459740178,11.828591592,20.054609283,3.155416017,2.240007894,2.829555153,2.162626754,10.581523406,0.552023653,3.161121022,2804,5019,3.442789139,2.235020934,1.30838812,0.764299205,0.945799145,13
"51","CEAGRI_P2_R1_W_00003.jpg","CEAGRI",2,1,4.61887393,25.224064663,16.575347459,5.764344747,16.575781263,5.765296331,10.323447054,14.912293609,4.665628495,3.138542134,2.176730835,2.807127968,2.094999946,4.510969462,0.544623658,3.155743101,3535,1405,5.984952315,2.170145393,1.339917919,0.746314372,0.948008949,16
"52","CEAGRI_P2_R1_W_00003.jpg","CEAGRI",2,2,6.619656945,17.319603768,9.937952317,5.82276324,9.937390649,5.822141495,12.418339862,8.200706867,4.399864847,3.488675195,2.742005897,3.211206486,2.62468609,176.501079727,0.539409095,3.510629389,1944,1364,170.175480929,2.713053594,1.223463064,0.817352014,0.941674578,15
"53","CEAGRI_P2_R1_W_00003.jpg","CEAGRI",2,3,5.592732355,14.475300985,16.32023696,14.214791229,16.318621263,14.214545141,10.372475665,14.751991726,12.933830892,3.04151731,2.547956249,2.863112411,2.487114362,7.218241321,0.653234406,3.094992159,3497,3294,168.919800776,2.514479151,1.151178432,0.868675066,0.965595005,19
"54","CEAGRI_P2_R1_W_00003.jpg","CEAGRI",2,4,5.783055167,20.213690377,10.063082977,13.510543691,10.063450648,13.510437161,10.970474919,8.188051455,12.317934183,3.543515313,2.387654366,3.169529092,2.323125712,1.381769162,0.603832301,3.548155104,1941,3164,177.069559682,2.385813045,1.364338174,0.732956109,0.949301621,18
"55","CEAGRI_P2_R1_W_00003.jpg","CEAGRI",2,5,5.528882122,14.959802651,14.004004598,21.980822231,14.0032204,21.980621434,10.889000607,12.457143713,20.746438463,3.04151731,2.543737778,2.902711968,2.425177363,18.564523436,0.585964291,3.132040429,2953,5303,14.747490702,2.492174199,1.196907085,0.835486741,0.963258878,20
"56","CEAGRI_P3_R1_W_00001.jpg","CEAGRI",3,1,6.69471834,12.764370078,16.419466094,4.605648416,16.419399684,4.605349471,11.585348055,14.815268785,3.277751665,3.298844018,2.619670249,3.270218928,2.606547243,176.516196609,0.626792805,3.326557645,3513,1054,172.054854685,2.619670249,1.254617171,0.797055885,0.979734859,21
"57","CEAGRI_P3_R1_W_00001.jpg","CEAGRI",3,2,8.363473021,14.142147107,8.803029413,5.075365409,8.803550233,5.075318278,13.351975368,6.821266977,3.632103196,3.897866844,3.04151731,3.704870154,2.874245018,25.705456092,0.589529415,4.067474213,1617,1353,18.002748779,2.980842768,1.28898898,0.775801822,0.961923368,22
"58","CEAGRI_P3_R1_W_00001.jpg","CEAGRI",3,3,6.82453647,21.527710941,16.020704951,12.829604821,16.019377931,12.828998527,12.219771946,13.95470078,11.529080179,3.855682138,2.55639319,3.519734243,2.468728918,169.810152229,0.57432381,3.890308271,3309,2967,167.983349814,2.549216516,1.425727312,0.701396397,0.952590077,24
"59","CEAGRI_P3_R1_W_00001.jpg","CEAGRI",3,4,6.701071331,15.852750808,8.867265553,12.991585593,8.867253514,12.99250907,10.937926344,7.222021686,11.60501265,3.353684135,2.682947308,3.234285273,2.638007563,174.905684035,0.703856484,3.384415112,1712,2987,171.758800733,2.678546598,1.226033359,0.815638492,0.976956325,25
"60","CEAGRI_P3_R1_W_00001.jpg","CEAGRI",3,5,8.426913959,24.091080972,11.325514924,20.970631733,11.324307544,20.969852789,13.411633552,8.993779342,19.577922104,4.361898611,2.771535191,3.962222887,2.707944605,179.875780005,0.588728508,4.364396748,2132,5018,178.061327928,2.771535191,1.463184616,0.683440756,0.958568611,26
"61","CEAGRI_P4_R1_W_00001.jpg","CEAGRI",4,1,3.706801461,18.481753395,15.44207821,6.029342441,15.441878129,6.029699124,9.319172557,14.072817957,5.079038615,2.644981073,1.982681187,2.482362553,1.901271915,11.444932386,0.536357654,2.667317985,3336,1445,8.091657417,1.949365959,1.305632579,0.765912261,0.950412469,27
"62","CEAGRI_P4_R1_W_00001.jpg","CEAGRI",4,2,1.494874907,17.022178889,8.504946088,5.899564544,8.505269655,5.899758701,5.335895077,7.766204394,5.184500381,1.493338596,1.400532243,1.427888798,1.332970641,141.243621924,0.65978153,1.507759532,1841,1364,170.010592574,1.332222352,1.071207987,0.933525526,0.959086161,28
"63","CEAGRI_P4_R1_W_00001.jpg","CEAGRI",4,3,3.014058459,16.852346724,8.953724793,12.38796211,8.953356945,12.388209084,8.012016131,7.728238159,11.432055355,2.362343542,1.843471657,2.185610842,1.755856233,165.310968815,0.590035178,2.403599265,1832,2863,167.842033582,1.819649705,1.24475501,0.803370938,0.947607232,30
"64","CEAGRI_P4_R1_W_00001.jpg","CEAGRI",4,4,3.668469967,18.057779121,14.988197738,12.68063323,14.988568801,12.680314757,8.972482755,13.54129066,11.748440651,2.750442838,1.910967187,2.500691487,1.867819783,4.23155423,0.572624028,2.756417906,3210,2983,176.226754891,1.904056534,1.338829104,0.746921319,0.955290694,31
"65","CEAGRI_P4_R1_W_00001.jpg","CEAGRI",4,5,3.999839866,15.081682031,11.910878645,19.59707697,11.910281485,19.596617942,9.474883429,10.339471467,18.535959863,2.906526251,2.07548754,2.562547802,1.987379235,168.68472292,0.559892587,2.91827016,2451,4619,174.85806034,2.030641973,1.289410575,0.775548161,0.940546082,32
"66","ERIKAR_P1_R1_W_00001.jpg","ERIKAR",1,1,0.620546682,27.619824063,16.715548014,4.123492116,16.720208579,4.123544004,6.481417424,15.574593495,3.851463668,2.155638482,0.577930474,1.77467267,0.445211439,174.167559549,0.185628364,2.155741671,3692,1004,179.439393825,0.574943905,3.986134481,0.250869609,0.659810785,1
"67","ERIKAR_P1_R1_W_00001.jpg","ERIKAR",1,2,0.358881733,12.681664514,10.004562824,4.841214621,10.005136649,4.841642436,3.788555493,9.318601579,4.450486494,1.37943989,0.738232357,1.396527753,0.32719895,153.587765677,0.314205593,1.538267492,2214,1055,151.677960513,0.41341012,4.268130294,0.234294628,0.904532305,2
"68","ERIKAR_P1_R1_W_00001.jpg","ERIKAR",1,3,0.481795212,17.560210823,16.614477507,11.803955593,16.615319001,11.803212587,4.756041639,15.764424672,11.208476413,1.505994008,1.168516359,1.642349397,0.373514137,37.752429508,0.267658505,1.88325304,3740,2929,37.537291415,0.466757101,4.397020718,0.22742672,0.828800147,4
"69","ERIKAR_P1_R1_W_00001.jpg","ERIKAR",1,4,0.212104496,6.178171253,10.536597636,13.669280489,10.53642999,13.66903326,2.666939032,10.107455583,13.229123835,0.784635534,0.906971181,1.108836952,0.243552338,128.437336613,0.37474303,1.159097249,2398,3136,129.832269962,0.262454396,4.552766601,0.219646665,0.943705463,5
"70","ERIKAR_P1_R1_W_00001.jpg","ERIKAR",1,5,0.320140942,16.754845578,12.459298205,21.113300961,12.45840982,21.113507581,3.523909467,11.731566768,20.894084935,1.404750713,0.451376355,1.323592144,0.307962018,12.932210692,0.323967615,1.432200283,2782,5048,12.071183419,0.375083408,4.297907102,0.232671385,0.876299959,6
"71","ERIKAR_P2_R1_W_00001.jpg","ERIKAR",2,1,0.445990678,10.430410893,16.109055643,5.99075343,16.109917921,5.990781625,4.067441143,15.123217139,5.791960148,1.79706848,0.409191649,1.583101167,0.358696576,177.532247052,0.338760754,1.797385333,3585,1419,178.924149379,0.404314153,4.413482796,0.226578429,0.921922419,9
"72","ERIKAR_P2_R1_W_00001.jpg","ERIKAR",2,2,0.532619144,12.229746021,9.929062479,5.89365517,9.930655102,5.893718161,5.251962124,8.90940993,5.652750618,1.910967187,0.531527297,1.579460174,0.429356667,178.49067875,0.242651771,1.911083587,2112,1369,179.367621932,0.531527297,3.678666932,0.271837603,0.814089487,8
"73","ERIKAR_P2_R1_W_00001.jpg","ERIKAR",2,3,0.426949499,20.49565331,15.19534205,11.918969055,15.195415,11.919218273,4.196205543,14.701370078,11.271753472,0.936500476,1.375221419,1.445187274,0.376151241,57.531404431,0.304700289,1.649697103,3489,2998,56.472473256,0.465719155,3.842037772,0.260278545,0.882707873,11
"74","ERIKAR_P2_R1_W_00001.jpg","ERIKAR",2,4,0.475353244,7.479489771,9.984159757,12.030990534,9.984492831,12.031027523,4.019217876,9.217358284,11.777969945,1.560834126,0.506216473,1.397421763,0.433110864,177.774947912,0.369779837,1.561198924,2185,2847,178.761365329,0.498283563,3.226475894,0.30993568,0.900925817,12
"75","ERIKAR_P2_R1_W_00001.jpg","ERIKAR",2,5,0.498149272,11.189245492,11.935929615,18.475621628,11.937488877,18.475854093,4.926767346,10.938494294,18.240666921,1.910967187,0.531527297,1.602776394,0.39572791,176.553234819,0.257896385,1.917678879,2593,4336,175.204957629,0.528095761,4.050198017,0.246901508,0.802367576,13
"76","ERIKAR_P3_R1_W_00001.jpg","ERIKAR",3,1,0.328006551,22.139821454,17.031696087,7.544488427,17.032156038,7.54478058,3.770349416,16.253767263,7.365449686,1.611455773,0.320603766,1.470038221,0.284095274,179.695399545,0.289954051,1.611505467,3853,1787,179.550042396,0.320603766,5.174455032,0.193257066,0.847292452,15
"77","ERIKAR_P3_R1_W_00001.jpg","ERIKAR",3,2,0.38989928,10.470387443,10.794755347,7.013855853,10.795711127,7.014235538,4.255482361,9.985119936,6.49644474,1.624111185,0.793072475,1.595752363,0.311097883,160.482367198,0.270560696,1.754402032,2372,1555,156.023522798,0.372273589,5.129422121,0.194953735,0.761967692,14
"78","ERIKAR_P3_R1_W_00001.jpg","ERIKAR",3,3,0.277431756,6.45641921,17.411884916,13.255523235,17.412182578,13.255619784,2.999195943,16.814823854,13.009763363,1.223356477,0.447157885,1.162204612,0.303937086,164.700757342,0.387575535,1.267936414,3986,3105,164.761600228,0.347470264,3.823832848,0.261517707,0.927755296,17
"79","ERIKAR_P3_R1_W_00001.jpg","ERIKAR",3,4,0.277236006,12.57899141,10.868892236,14.01069347,10.869749726,14.010343143,3.509506707,10.069489348,13.752214191,1.468027773,0.497779532,1.366158388,0.258379884,20.086267309,0.282857269,1.530979405,2387,3375,16.48754266,0.298459347,5.287402286,0.189128791,0.845306565,18
"80","ERIKAR_P3_R1_W_00001.jpg","ERIKAR",3,5,0.346549456,7.074602679,13.620313225,20.623153584,13.620693793,20.623317502,3.733663938,12.824150657,20.320372932,1.501775537,0.653862945,1.47467487,0.299212037,157.048843325,0.312395403,1.591660882,3040,4846,160.652622188,0.342661617,4.928527895,0.202900343,0.834862385,19
"81","ERIKAR_P4_R1_W_00001.jpg","ERIKAR",4,1,0.457735704,24.005445033,17.259062496,3.127070656,17.259608725,3.126951104,4.889524886,16.350792087,2.851686133,1.72535448,0.531527297,1.459564059,0.399302241,2.366174738,0.240597623,1.730303312,3876,762,4.334424403,0.531527297,3.65528642,0.273576373,0.807078646,20
"82","ERIKAR_P4_R1_W_00001.jpg","ERIKAR",4,2,0.454657084,19.928428575,10.456714453,8.755419571,10.458914724,8.756023368,4.264840001,9.588583698,8.487562869,1.670514362,0.531527297,1.548477889,0.373842844,164.811858292,0.314114757,1.731984029,2274,2014,164.169617219,0.430424609,4.142055716,0.241426014,0.891125024,21
"83","ERIKAR_P4_R1_W_00001.jpg","ERIKAR",4,3,0.734740368,22.672228776,16.32203746,12.073651141,16.324682711,12.073974,6.122795985,15.245552787,11.718911357,2.033302834,0.746669298,1.633068457,0.572848302,177.187035591,0.246288531,2.035231738,3614,2837,177.505288549,0.742899435,2.850786939,0.350780336,0.807328686,23
"84","ERIKAR_P4_R1_W_00001.jpg","ERIKAR",4,4,0.514094035,7.935054087,10.80778559,15.830269334,10.8078181,15.830205905,4.926518986,9.871221229,15.481787141,1.805505421,0.645426003,1.549040122,0.422561589,13.685530829,0.266177969,1.867372618,2340,3817,14.789678781,0.590145428,3.665832777,0.272789312,0.782687619,24
"85","ERIKAR_P4_R1_W_00001.jpg","ERIKAR",4,5,0.438374206,12.035870547,13.422233686,20.300817853,13.422807484,20.300801126,4.406045239,12.57526089,20.063046224,1.649422009,0.468250238,1.488381756,0.375008208,8.321907753,0.283763775,1.678702204,2981,4853,10.716946565,0.468250238,3.968931145,0.251957004,0.869384154,26
"86","ERIKAR_P5_R1_W_00001.jpg","ERIKAR",5,1,0.63544151,19.219162631,16.970647954,5.20564436,16.972491213,5.205812663,4.860368132,15.912071144,4.927173673,1.957370363,0.577930474,1.689404277,0.478908021,1.061446203,0.338023673,1.959569279,3772,1229,2.714577269,0.577930474,3.52761742,0.283477453,0.887001018,27
"87","ERIKAR_P5_R1_W_00001.jpg","ERIKAR",5,2,0.525963629,28.238687674,9.079393057,8.199200515,9.080395286,8.199273709,4.307872662,8.255546985,7.930724748,1.666295891,0.569493532,1.471419173,0.455123668,178.837643633,0.35615567,1.668878371,1957,1928,176.81213626,0.546920342,3.233009564,0.309309323,0.901647346,28
"88","ERIKAR_P5_R1_W_00001.jpg","ERIKAR",5,3,0.420187211,21.747492695,15.433075168,11.350465145,15.433911306,11.350454432,4.260672967,14.659185372,11.090359236,1.514430949,0.514653415,1.359429461,0.393546697,13.894880537,0.290868233,1.55727858,3475,2733,13.471585867,0.513254589,3.454302813,0.289494018,0.859634113,30
"89","ERIKAR_P5_R1_W_00001.jpg","ERIKAR",5,4,0.418051752,17.010275176,9.725000727,15.706575491,9.725027422,15.706603378,3.854748959,8.879880636,15.464913259,1.615674244,0.514653415,1.499675258,0.354930189,13.644530042,0.353547452,1.670908465,2105,3776,14.773013247,0.400166286,4.22526825,0.236671364,0.925337272,31
"90","ERIKAR_P5_R1_W_00001.jpg","ERIKAR",5,5,0.271950744,13.350309178,12.56730371,19.455856977,12.568475353,19.456018545,3.356442575,11.81171771,19.27419222,1.417406125,0.371225414,1.265460477,0.273622486,172.578774314,0.303348375,1.423426006,2800,4625,174.728705322,0.31227818,4.624840951,0.216223652,0.817897188,32
"91","ERIKAR_P6_R1_W_00001.jpg","ERIKAR",6,1,0.675730509,24.091430546,16.391327821,6.906168642,16.394430445,6.905342005,5.762127401,15.12743561,6.597688035,2.366562013,0.666518356,2.155486081,0.399152105,12.42535018,0.255751199,2.441197269,3586,1707,14.20433622,0.470469575,5.400162132,0.185179625,0.870777627,34
"92","ERIKAR_P6_R1_W_00001.jpg","ERIKAR",6,2,0.678328651,29.914699345,9.733929256,11.103952343,9.735911983,11.104234643,5.631551736,8.407411927,10.870998764,2.391872836,0.514653415,2.035818739,0.424239568,172.814541117,0.268778093,2.402695846,1993,2602,174.559667969,0.514653415,4.798747902,0.208387692,0.847641179,36
"93","ERIKAR_P6_R1_W_00001.jpg","ERIKAR",6,3,0.560575866,9.631207467,15.5308932,15.135227815,15.531694669,15.135596559,5.126915818,14.532631254,14.562160548,1.978462716,1.003996005,1.98354233,0.3598347,153.801815649,0.267998206,2.183530266,3445,3463,154.969732157,0.409324352,5.512370898,0.181410144,0.911012783,37
"94","ERIKAR_P6_R1_W_00001.jpg","ERIKAR",6,4,0.688222946,13.078648484,9.541763299,17.973463774,9.543594297,17.973481731,5.356276136,8.259765456,17.742887389,2.34968813,0.472468708,2.096162922,0.418036528,176.258280481,0.301448478,2.359905364,1958,4237,174.666481433,0.452286937,5.014305642,0.199429407,0.909612626,38
"95","ERIKAR_P6_R1_W_00001.jpg","ERIKAR",6,5,0.40376197,16.02877239,12.687121943,21.415463193,12.688039506,21.41569064,4.235434887,11.727348298,21.189377878,1.813942363,0.493561061,1.665304674,0.308703695,165.864877135,0.282838976,1.864277666,2780,5037,166.65554901,0.345729762,5.394508389,0.185373704,0.904665072,39
"96","HETARB_P1_R1_W_00001.jpg","HETARB",1,1,15.188934858,24.073408617,18.026508459,4.33360358,18.025516598,4.331754267,28.060662625,13.920953015,2.611233308,7.420289804,3.378994959,6.339976386,3.050350873,8.468216418,0.242404869,7.540268119,3304,1227,10.932743851,3.374210629,2.078441678,0.48112969,0.88974635,3
"97","HETARB_P1_R1_W_00001.jpg","HETARB",1,2,11.537833294,22.133467458,6.204566699,8.597982723,6.204587681,8.596769982,24.284959466,3.408524253,7.027972037,6.49644474,3.058391193,5.606459837,2.620267698,10.174325936,0.245843855,6.616123482,812,2190,11.660996381,2.918750218,2.139651548,0.46736582,0.858329218,6
"98","HETARB_P1_R1_W_00001.jpg","HETARB",1,3,9.354005825,22.697436944,16.738700495,12.94764765,16.739487355,12.945687103,20.51387745,14.313270782,11.550172532,5.766649325,2.792627544,4.911711158,2.424794483,11.464322904,0.279326402,5.841777642,3404,3267,11.707531699,2.6905947,2.02561957,0.493676115,0.871218123,18
"99","HETARB_P1_R1_W_00001.jpg","HETARB",1,4,17.973164508,27.746729165,8.553644716,17.235297689,8.550340434,17.235574166,29.639454468,4.020202492,15.173838787,8.074152749,3.843026726,7.218819108,3.170067493,14.997329413,0.25709522,8.190432013,953,4250,9.6660828,3.470040331,2.277181518,0.439139345,0.889131081,26
"100","HETARB_P1_R1_W_00001.jpg","HETARB",1,5,15.632416371,26.85990115,16.063144757,23.95192573,16.063121977,23.950893298,24.641739509,11.980456534,22.269306354,7.302172627,3.425398136,6.310274848,3.154190773,2.30874966,0.32351413,7.328456039,2840,5729,4.854026468,3.394679774,2.00060025,0.499849983,0.889970898,40
"101","HETARB_P2_R1_W_00003.jpg","HETARB",2,1,15.235060779,23.57653004,17.01393606,4.525548852,17.01388259,4.523962804,28.9231749,12.794621362,2.674510367,7.061719802,3.775531197,5.935646806,3.268031688,164.567845872,0.228855908,7.227042926,3033,860,164.389958825,3.589180667,1.816275781,0.550577181,0.85885919,42
"102","HETARB_P2_R1_W_00003.jpg","HETARB",2,2,19.044079559,31.026826632,5.32801991,8.481901576,5.345316923,8.481909652,64.80446537,0.89853424,6.201151798,8.474907457,5.678061442,7.613070297,3.185006081,0.993680728,0.056984926,8.813729906,213,1474,161.643098959,5.615635357,2.390284384,0.418360262,0.563241757,43
"103","HETARB_P2_R1_W_00003.jpg","HETARB",2,3,16.418906037,22.39643866,16.894843589,14.394955764,16.893412025,14.395175343,29.764809396,12.452925243,12.334808066,7.39076051,3.94005155,6.116729415,3.417708881,14.518684383,0.232888407,7.554696709,2952,3620,13.136099407,3.83109746,1.789716336,0.558747764,0.848210945,53
"104","HETARB_P2_R1_W_00003.jpg","HETARB",2,4,8.273249865,46.153016696,5.832775451,18.018720839,5.823922899,18.017808407,17.128423608,3.121668252,16.637648089,4.758434849,2.775753662,4.159956625,2.532196809,168.477780975,0.354365321,4.830458317,740,4173,170.093469593,2.70909644,1.642825159,0.608707503,0.910881332,62
"105","HETARB_P2_R1_W_00003.jpg","HETARB",2,5,12.395914233,25.93050883,17.057506683,23.511701985,17.056122975,23.508753098,24.469899835,13.587693837,21.725123645,5.964917444,3.598355431,4.837180893,3.262844318,6.214351713,0.260150128,5.984955829,3221,5602,4.689858826,3.594313601,1.482504349,0.674534277,0.847962798,71
"106","HETARB_P3_R1_W_00001.jpg","HETARB",3,1,17.673025702,21.026682931,17.035649758,5.856249843,17.034633976,5.855574561,26.295482862,13.570819955,4.058168727,7.724019688,3.497112136,6.849018608,3.285433503,177.414811586,0.32118738,7.74199811,3217,1358,176.094551039,3.487475354,2.08466207,0.479694054,0.902345638,73
"107","HETARB_P3_R1_W_00001.jpg","HETARB",3,2,10.139445556,19.434481017,5.750639562,8.858689139,5.74749571,8.857359487,19.874117468,3.168071429,7.46247451,5.876329561,2.678728838,5.211350973,2.477273765,174.834416675,0.322588118,5.897732708,751,2057,175.117240436,2.677328861,2.103663732,0.475361145,0.901863952,74
"108","HETARB_P3_R1_W_00001.jpg","HETARB",3,3,17.028846604,22.652595033,16.373630415,16.313082761,16.374204673,16.312516565,25.616651503,13.161628305,14.3681109,7.508877687,3.80084202,6.602661924,3.283796921,164.205676743,0.326099684,7.704550097,3120,3683,167.059464652,3.511798674,2.010679126,0.497344398,0.8893229,90
"109","HETARB_P3_R1_W_00001.jpg","HETARB",3,4,5.764957149,21.621389412,6.183019169,17.621226983,6.181637007,17.619927188,15.214655369,4.319713905,16.490001617,4.399864847,2.185167776,3.737398118,1.963978999,2.12666785,0.312954866,4.416579577,1024,4220,4.986333771,2.185167776,1.902972547,0.525493655,0.868962039,96
"110","HETARB_P3_R1_W_00001.jpg","HETARB",3,5,6.526266191,23.330440686,14.776380578,24.898031568,14.774758197,24.898081399,16.086731033,12.832587598,23.703586361,4.623443789,2.383435895,3.985016255,2.085186022,11.946102343,0.316912264,4.745366946,3042,5987,13.677995095,2.35676927,1.911108272,0.523256591,0.83245545,107
"111","HETARB_P4_R1_W_00002.jpg","HETARB",4,1,12.645051153,17.666172595,16.745675739,7.736041234,16.74026945,7.734228554,21.538302296,14.055944075,6.074597679,6.023976032,3.416961195,5.561250061,2.895064778,164.590571049,0.342537023,6.118527711,3332,1675,169.914216248,3.090642266,1.920941494,0.520578062,0.907022578,108
"112","HETARB_P4_R1_W_00002.jpg","HETARB",4,2,17.365946652,13.595802028,7.016233477,9.867760695,7.009843721,9.867164924,29.775965821,3.260877782,8.200706867,8.517092163,3.269314723,7.483370361,2.95468605,176.768526195,0.246136835,8.524815211,773,2322,177.560940949,3.196594234,2.532712524,0.394833599,0.872671243,111
"113","HETARB_P4_R1_W_00002.jpg","HETARB",4,3,9.871801322,25.267027099,17.118453047,15.557797779,17.112738353,15.556250458,19.38676176,13.992667016,14.465135724,6.728460624,2.164075423,6.147728998,2.044522103,178.215702027,0.330062149,6.735698219,3317,3666,177.343668028,2.131221489,3.006927138,0.332565424,0.920832929,123
"114","HETARB_P4_R1_W_00002.jpg","HETARB",4,4,12.480780945,26.309493158,7.436309524,19.230549125,7.438668429,19.229934517,22.93551546,3.476019783,17.920063154,7.205147803,2.577485543,6.460771102,2.459617219,179.289007092,0.298149863,7.205297226,824,4586,0.36899582,2.572455898,2.626738442,0.380700257,0.907252249,130
"115","HETARB_P4_R1_W_00002.jpg","HETARB",4,5,11.947681323,24.016105141,16.050049203,24.092704046,16.04719785,24.092945099,23.686972693,12.862116892,22.775522827,7.306391098,2.615451779,6.403478697,2.375624414,3.988973549,0.26759277,7.32757938,3049,5784,4.358227948,2.537166064,2.695492881,0.370989665,0.875191134,138
"116","HETARB_P5_R1_W_00001.jpg","HETARB",5,1,15.686229946,24.652497798,14.332040404,7.957224984,14.330156586,7.955485782,25.587422006,10.98489747,6.104126974,7.576373217,3.509767548,6.896799599,2.895883516,165.990697512,0.301075473,7.781974994,2604,1682,165.752834289,3.134490414,2.381587367,0.419888018,0.897174802,140
"117","HETARB_P5_R1_W_00001.jpg","HETARB",5,2,14.55087741,23.628703998,4.736322909,10.988876604,4.735831863,10.987115317,25.414092171,1.72535448,9.128770402,6.947821096,3.712254137,6.116977277,3.028743069,17.56237197,0.283106502,7.249576447,410,2846,16.705631011,3.332181088,2.019642187,0.495137211,0.868936194,143
"118","HETARB_P5_R1_W_00001.jpg","HETARB",5,3,17.641545472,23.418715956,14.955801046,14.013934778,14.95343404,14.012428403,26.828560584,11.47002159,12.29262336,8.137429808,3.463364371,7.15460324,3.139505095,2.459000508,0.308000731,8.149021799,2719,3365,176.943563328,3.367340859,2.278895247,0.438809112,0.890703111,150
"119","HETARB_P5_R1_W_00001.jpg","HETARB",5,4,13.007171666,23.655201157,5.620212498,20.299811205,5.618109312,20.298297816,21.974200882,2.817938368,18.637203158,6.76642686,3.281970135,5.759760828,2.875335596,7.142223714,0.338506144,6.786942393,668,4921,4.456063937,3.164469564,2.003161244,0.499210936,0.867965978,162
"120","HETARB_P5_R1_W_00001.jpg","HETARB",5,5,12.648147569,21.646261358,14.5701603,22.264965042,14.571534267,22.263571974,21.853509708,11.790625357,20.497548697,6.365672152,3.370558018,5.922029045,2.719358776,160.002136423,0.332808491,6.694076204,2795,5052,161.291020044,2.924014707,2.177729948,0.459193759,0.907878005,167
"121","HETARB_P6_R1_W_00001.jpg","HETARB",6,1,10.342848056,19.289466598,16.603097494,5.566050598,16.604134991,5.564926218,26.017530391,12.554168537,4.176285905,6.850796272,2.76309825,5.489868613,2.398768364,172.97597102,0.192007356,6.895582824,2976,1246,173.466268322,2.733486337,2.288619733,0.436944585,0.816478306,171
"122","HETARB_P6_R1_W_00001.jpg","HETARB",6,2,13.488237264,24.331777175,6.993833937,9.61569563,6.995329328,9.614062883,31.966778312,2.459368366,8.158522161,8.002438748,2.910744721,6.536831435,2.627229606,1.111575891,0.1658698,8.005680332,583,2289,1.630541278,2.909997933,2.488108166,0.401911787,0.843962881,174
"123","HETARB_P6_R1_W_00001.jpg","HETARB",6,3,17.335089265,21.776927737,16.628490953,14.389157648,16.628760554,14.387961941,34.091106365,11.929834887,12.579479361,8.42850428,3.560389195,7.093617146,3.111490331,7.268148401,0.187436323,8.504550791,2828,3588,7.667887573,3.438189555,2.279813334,0.438632403,0.853102226,180
"124","HETARB_P6_R1_W_00001.jpg","HETARB",6,4,20.282823917,27.599508449,7.917455395,18.24559909,7.914536098,18.244421353,37.959089025,2.640762602,16.405632205,9.208921343,3.682724843,7.743284133,3.335134427,176.637724004,0.176891401,9.216744317,626,4273,177.639165585,3.656943462,2.321730744,0.430713166,0.85779773,187
"125","HETARB_P6_R1_W_00001.jpg","HETARB",6,5,14.913353833,25.72417874,16.219982155,22.954714055,16.222023346,22.953087577,31.08104497,11.765314533,21.172503995,7.829481453,3.467582842,6.610485591,2.872447354,168.346700195,0.19399653,7.934494671,2789,5369,170.667883867,3.146572532,2.301342645,0.434528949,0.845738062,196
"126","HETARB_P7_R1_W_00001.jpg","HETARB",7,1,11.881019401,17.307748692,16.01829525,3.146396488,16.024370892,3.146679273,23.420866635,12.385429713,1.539741773,6.247554974,3.277751665,5.563308329,2.719134522,164.025112161,0.272180901,6.380706984,2940,510,167.204128921,2.962605843,2.045984958,0.488762147,0.871159152,198
"127","HETARB_P7_R1_W_00001.jpg","HETARB",7,2,11.648663632,25.466309616,7.998509832,7.685075188,8.003168816,7.68394951,26.491010192,4.184722846,6.188496386,6.530192505,2.914963192,5.562881361,2.666161332,1.372107265,0.208587812,6.540735621,992,1900,3.253622583,2.913407451,2.086475899,0.479277044,0.873774938,199
"128","HETARB_P7_R1_W_00001.jpg","HETARB",7,3,12.456383322,21.096066947,16.430577093,11.854973128,16.438913744,11.8550205,26.101681574,12.385429713,10.318379114,6.960476508,3.03729884,5.90195699,2.687237446,175.246008268,0.229754938,6.985844647,2936,2769,175.115681353,3.014099715,2.196291585,0.45531295,0.844791036,204
"129","HETARB_P7_R1_W_00001.jpg","HETARB",7,4,16.459782287,16.672436408,8.400659583,15.988910062,8.406971122,15.988744844,29.812535943,3.931614609,14.203590546,7.719801218,3.501330607,6.641966826,3.155277082,175.291357527,0.232721287,7.728520229,932,3755,177.278151642,3.453762792,2.105034409,0.475051617,0.878556302,214
"130","HETARB_P7_R1_W_00001.jpg","HETARB",7,5,14.931878943,14.632424516,15.156585907,23.250693712,15.160974764,23.25123529,28.109412744,10.921620411,21.649191174,7.445600628,3.294625547,6.655738089,2.856461371,170.292175083,0.237476576,7.540265759,2589,5330,169.947455173,3.141610703,2.330064098,0.429172743,0.871621369,229
"131","HETARB_P8_R1_W_00001.jpg","HETARB",8,1,13.541944065,20.04998395,14.354035077,9.556942779,14.352814834,9.556615285,21.69645416,10.98489747,7.829481453,6.479570858,3.505549077,6.128391941,2.813484983,21.012540105,0.361504205,6.859290289,2612,2579,19.99514851,2.996615446,2.178220953,0.459090249,0.921732621,234
"132","HETARB_P8_R1_W_00001.jpg","HETARB",8,2,19.671317347,18.329125819,7.26235559,12.845577038,7.264478337,12.845692,27.300284211,2.649199544,11.229568766,8.917846871,3.197600723,8.270758184,3.028295422,0.628788379,0.331672124,8.91820705,628,3052,0.514943472,3.196041575,2.731159623,0.366144839,0.925183744,236
"133","HETARB_P8_R1_W_00001.jpg","HETARB",8,3,17.613517569,19.652222418,15.581926496,16.565604883,15.586381034,16.565274978,26.955992788,11.069266882,14.984007609,8.411630398,3.117449781,7.74455742,2.895740308,175.222657681,0.3046108,8.453836154,2624,3810,174.272337614,2.993505213,2.674465455,0.373906493,0.92288341,237
"134","HETARB_P8_R1_W_00001.jpg","HETARB",8,4,10.721571766,20.657066874,7.219015666,20.911486924,7.220598596,20.912203394,21.453727135,3.712254137,19.611669869,6.568158741,2.535300837,5.903350682,2.312437443,175.91595652,0.292727023,6.587962741,880,4866,175.556272924,2.463116445,2.552869354,0.391716089,0.898757601,238
"135","HETARB_P8_R1_W_00001.jpg","HETARB",8,5,18.259921103,20.16154202,15.407227845,22.735046089,15.40474277,22.734718882,26.892531287,11.668289709,20.286625167,7.217803215,4.821711908,7.712151862,3.014626015,149.127073945,0.317281972,8.377702082,2776,4855,148.927391513,3.179020858,2.558244978,0.390892979,0.917029288,239
"136","IRIDOU_P1_R1_W_00001.jpg","IRIDOU",1,1,27.783001919,8.59084119,12.023009918,4.615813953,12.019376377,4.615296145,50.019629555,0,3.665850961,21.193596348,1.822379304,21.049904621,1.68050247,1.253892927,0.139543011,21.247036126,0,1297,4.064544111,1.800224455,12.52595875,0.079834208,0.906685715,2
"137","IRIDOU_P1_R1_W_00001.jpg","IRIDOU",1,2,17.435099943,8.582105749,11.674229418,7.876644809,11.672238595,7.876649506,44.306615989,0.573712003,7.259987921,19.902744341,1.286633536,20.243268156,1.096614368,179.901241804,0.111608467,19.908153048,136,1922,1.335607063,1.213075657,18.459787459,0.054171805,0.88707043,3
"138","IRIDOU_P1_R1_W_00001.jpg","IRIDOU",1,3,21.725415662,8.291109854,11.822621882,13.471715484,11.820029759,13.471793005,43.652980098,0.856349534,12.592134773,19.717131634,1.543960244,19.580637023,1.41270472,1.584084472,0.143268318,19.719669864,203,3328,0.919301392,1.425827729,13.860389041,0.072148047,0.978629224,4
"139","IRIDOU_P1_R1_W_00001.jpg","IRIDOU",1,4,19.295529894,14.966317243,11.685652995,18.004247014,11.673160317,18.006039745,46.133656905,0.299511413,16.30017044,18.869219042,4.69937626,16.777596993,1.464323628,8.834256139,0.113928088,19.313657162,71,4972,13.914834995,2.090681607,11.457574454,0.087278508,0.587822514,5
"140","IRIDOU_P1_R1_W_00001.jpg","IRIDOU",1,5,17.014645799,7.987362804,12.288243705,22.250600685,12.286364527,22.250593441,44.649229151,1.58614495,21.569040232,18.970462336,1.421624596,18.726736686,1.156833688,1.273961092,0.107251863,18.986682021,376,5351,2.368455447,1.305875408,16.187924741,0.061774441,0.843509526,6
"141","IRIDOU_P2_R1_W_00001.jpg","IRIDOU",2,1,14.021763978,8.579730504,9.449278969,6.580947781,9.454146952,6.581775098,43.47213919,0.75932471,4.686720848,19.61588834,3.033080369,16.913224484,1.055568345,171.790302449,0.093237473,19.744330314,180,1259,173.461085988,1.468414088,16.02286063,0.062410828,0.657227877,8
"142","IRIDOU_P2_R1_W_00001.jpg","IRIDOU",2,2,16.231750823,7.776145801,8.385919141,10.692772706,8.389088843,10.693114868,44.389633414,0.438720944,8.799729694,19.248881397,2.847467662,15.206110363,1.359118574,175.561216273,0.103517104,19.260417486,104,2314,178.01684906,2.140053348,11.188214669,0.089379765,0.534742426,9
"143","IRIDOU_P2_R1_W_00001.jpg","IRIDOU",2,3,17.371267505,5.752376257,9.254110931,15.341103713,9.254809551,15.34098168,44.498041717,1.079928476,14.397640194,18.894529865,2.290629542,15.294796157,1.446098693,0.538656193,0.110245171,18.910814677,256,3723,177.622037217,2.200384099,10.576592202,0.094548412,0.55958224,10
"144","IRIDOU_P2_R1_W_00001.jpg","IRIDOU",2,4,14.802826018,11.81301635,8.434732441,20.85928082,8.439135559,20.860008499,45.529910062,0,18.392531863,19.278410691,3.433835077,14.772340276,1.275867135,173.01847255,0.089734803,19.46595471,0,4360,172.040226931,2.166410927,11.578274786,0.086368653,0.481712886,11
"145","IRIDOU_P2_R1_W_00001.jpg","IRIDOU",2,5,10.807595185,11.281339089,9.404371198,24.89598472,9.402493965,24.896028609,40.393909926,1.109457771,23.526410596,17.987558684,2.029084364,14.30327979,0.962063091,176.757195053,0.083235223,18.02574754,263,5594,176.269766497,1.503701953,14.867299159,0.067261712,0.570824079,12
"146","IRIDOU_P3_R1_W_00001.jpg","IRIDOU",3,1,27.350233294,25.481277957,10.102164394,6.29364166,10.127118529,6.297041706,47.907085511,0.527308826,3.927396139,19.489334221,3.843026726,19.563424839,1.780025679,172.161700593,0.149751575,19.656827833,125,991,172.515050037,2.151311281,10.990529557,0.090987426,0.808514735,14
"147","IRIDOU_P3_R1_W_00001.jpg","IRIDOU",3,2,19.646261291,19.618842703,10.102541364,10.195146443,10.121626827,10.195658643,36.005355815,2.400309777,8.761763458,15.557719612,2.34968813,15.985804766,1.564788082,178.325274807,0.190438857,15.557848293,569,2289,179.766965305,2.111179406,10.215955086,0.0978861,0.7680249,15
"148","IRIDOU_P3_R1_W_00001.jpg","IRIDOU",3,3,17.384169238,23.007098355,12.098783537,13.959355151,12.105141864,13.958153679,47.614514193,0.885878828,13.380988777,19.864778106,1.261322713,20.181433254,1.096761139,179.216017345,0.096357404,19.87741606,210,3291,177.956761477,1.139723487,18.400937572,0.054345057,0.96695489,16
"149","IRIDOU_P3_R1_W_00001.jpg","IRIDOU",3,4,20.657810573,18.324733037,10.762673875,18.193269217,10.787106996,18.193631015,47.718015551,1.063054594,17.080587503,19.248881397,2.151420011,20.650820894,1.273670498,175.955572783,0.114006446,19.314816241,252,4143,175.264416965,1.426158991,16.213628979,0.061676507,0.827299394,17
"150","IRIDOU_P3_R1_W_00001.jpg","IRIDOU",3,5,16.714418015,40.989201403,12.650671946,24.078188209,12.862227853,24.09362225,44.910949946,2.493116131,22.978009416,18.683606335,1.851908598,17.651441567,1.205649856,178.937961438,0.104134981,18.706611839,591,5448,176.677545303,1.574627307,14.640603554,0.068303195,0.717284514,18
"151","MALLAU_P10_R1_W_00001.jpg","MALLAU",10,1,22.482435989,11.458146117,14.949359953,4.42833459,14.952009947,4.428403678,27.984591979,8.470688986,2.598577896,10.908964999,3.623666255,8.374727398,3.418084578,176.945715677,0.360757419,10.930880338,2008,938,176.371252553,3.586232282,2.450122929,0.408142787,0.844271497,1
"152","MALLAU_P10_R1_W_00001.jpg","MALLAU",10,2,24.051215584,9.091060608,8.825170555,8.765554977,8.825211161,8.765100591,27.762456931,3.020424957,6.547066388,10.120110995,4.176285905,7.970514032,3.842030597,169.618410238,0.39213093,10.130172119,716,2278,2.553809069,3.980470095,2.074557667,0.482030466,0.860258733,2
"153","MALLAU_P10_R1_W_00001.jpg","MALLAU",10,3,15.926789438,12.761067422,16.253424451,13.952285625,16.253067161,13.952310258,21.657177035,11.718911357,12.279967948,7.59746557,3.404305783,6.307064531,3.215222871,173.319707089,0.426711561,7.76338202,2782,3014,167.542107052,3.337126116,1.961625922,0.509781191,0.862304353,4
"154","MALLAU_P10_R1_W_00001.jpg","MALLAU",10,4,26.506353159,14.115290622,9.909155711,19.094438098,9.910281312,19.094573544,29.066173754,3.446490489,16.869663972,10.833032528,4.404083318,8.355329288,4.039210888,172.041136296,0.394261267,10.932049181,817,4374,172.282630241,4.258819157,2.068554854,0.483429288,0.844779559,6
"155","MALLAU_P10_R1_W_00001.jpg","MALLAU",10,5,8.080862777,14.781586855,15.099069002,23.816008757,15.099072912,23.815993319,17.07393838,11.136762412,22.632094826,6.652528153,2.434057542,5.541900835,1.856560474,165.71321281,0.348337457,6.88290117,2644,5480,164.464610677,1.964722419,2.98503653,0.335004276,0.843289881,7
"156","MALLAU_P1_R1_W_00001.jpg","MALLAU",1,1,18.867174551,10.448457054,15.111615567,4.566166495,15.112594265,4.566351685,24.194854946,9.993556877,2.805282956,9.238450637,3.467582842,7.47415021,3.214068765,175.118774038,0.405014606,9.317993328,2369,931,172.508203011,3.467582842,2.325448133,0.430024642,0.882013765,9
"157","MALLAU_P1_R1_W_00001.jpg","MALLAU",1,2,24.434210212,8.181831616,12.538159673,9.736270746,12.537035414,9.735646249,29.256189374,6.428949211,7.749330512,10.841469469,3.918959197,8.996082314,3.458238998,176.79519353,0.358734093,10.853678104,1524,2375,177.282162833,3.715562315,2.601347772,0.384416113,0.866535882,11
"158","MALLAU_P1_R1_W_00001.jpg","MALLAU",1,3,17.040182333,6.980035875,15.406460002,15.268765574,15.407110925,15.268916688,23.985421577,10.56726888,13.621441602,9.192047461,3.10901284,7.885770227,2.751314503,177.551704187,0.372211159,9.201529773,2505,3699,177.39863054,3.097028022,2.866182771,0.348896103,0.875186909,12
"159","MALLAU_P1_R1_W_00001.jpg","MALLAU",1,4,18.410702326,8.351874413,9.261801389,19.457125677,9.262519342,19.456528594,26.854526095,3.408524253,17.856786095,10.43227782,3.366339547,8.540469372,2.74472435,11.114608842,0.320808033,10.549019393,808,4836,8.531898542,3.04253779,3.111594566,0.32137863,0.86549123,13
"160","MALLAU_P1_R1_W_00001.jpg","MALLAU",1,5,14.793643543,11.34928344,15.755812241,24.653706848,15.756216638,24.654009874,23.134459573,10.541958056,23.256428477,9.023308636,2.923400133,7.132574085,2.640821076,174.405776093,0.347349195,9.041797519,2499,5552,176.335290027,2.74497887,2.700892593,0.37024797,0.854253702,14
"161","MALLAU_P2_R1_W_00002.jpg","MALLAU",2,1,12.901679976,15.327764283,14.935253888,3.257483485,14.936628284,3.256491821,21.917480411,10.141203348,1.759102245,8.031968043,2.876996956,6.138713253,2.67595642,177.112784646,0.337500853,8.04660525,2404,975,3.456417944,2.86958723,2.294025869,0.435914875,0.811561383,15
"162","MALLAU_P2_R1_W_00002.jpg","MALLAU",2,2,18.7287434,17.268888926,8.22454302,7.38714276,8.224501276,7.387053703,28.196223148,2.374998954,5.197155792,10.381656173,3.859900609,7.940450161,3.003126553,171.911812738,0.296030614,10.597029919,572,1254,167.446453182,3.330708668,2.644061122,0.378206083,0.816447597,16
"163","MALLAU_P2_R1_W_00002.jpg","MALLAU",2,3,16.33389696,17.846462885,16.039297468,13.20370858,16.041606288,13.204145009,25.625918749,10.077926289,11.360341355,9.744667111,3.480238254,7.406768506,2.807832257,165.572303702,0.312565317,9.899929981,2389,2897,169.839277072,3.070264164,2.637895653,0.379090052,0.802841842,18
"164","MALLAU_P2_R1_W_00002.jpg","MALLAU",2,4,22.288411715,19.048017866,11.424706203,17.005731639,11.423692373,17.006007433,32.945215133,4.501108142,14.131876546,12.57526089,4.4926712,9.607699036,2.953723579,173.926695313,0.258050253,12.829120967,1067,3410,168.582917486,3.319529431,3.252741422,0.307432984,0.790368856,19
"165","MALLAU_P2_R1_W_00002.jpg","MALLAU",2,5,25.232551677,19.792120043,12.971566869,22.048238695,12.973503285,22.048375299,33.200159597,5.39120544,20.387868461,13.515979837,3.3157179,10.488517675,3.06307179,177.454146679,0.287667429,13.549641577,1280,5007,175.48226779,3.290713993,3.424182779,0.292040485,0.844939056,20
"166","MALLAU_P3_R1_W_00002.jpg","MALLAU",3,1,8.468608802,12.044101143,14.955765645,4.087509248,14.954035471,4.086878242,17.237268369,12.064825947,3.003551075,6.428949211,2.286411071,5.244134421,2.056119609,168.648345415,0.358166571,6.645021889,2861,732,165.063896817,2.229484865,2.550500661,0.392079883,0.875097461,21
"167","MALLAU_P3_R1_W_00002.jpg","MALLAU",3,2,10.166939595,12.580600623,10.829531795,8.329151427,10.828557442,8.328847952,17.328348681,7.766204394,7.162963097,6.618780388,2.362343542,5.749716656,2.251406515,179.24567703,0.425486466,6.619124525,1841,1949,179.415742067,2.354892513,2.553833178,0.391568255,0.908905933,23
"168","MALLAU_P3_R1_W_00002.jpg","MALLAU",3,3,6.357653882,18.883382513,15.94950022,13.820840504,15.949964988,13.821174452,14.703787623,13.3345856,12.587916302,5.395423911,2.286411071,4.675680057,1.731259675,14.152200643,0.369528809,5.602797597,3161,3359,15.63726147,1.829527343,2.700738731,0.370269063,0.863800886,24
"169","MALLAU_P3_R1_W_00002.jpg","MALLAU",3,4,6.87059121,8.152203069,10.957896673,19.904617985,10.95718361,19.904856464,15.356593208,9.044400989,17.780853624,3.93583308,3.809278961,4.313295892,2.028126204,46.776797234,0.36611221,5.348571588,2145,5099,43.01845875,2.193666921,2.126739394,0.470203356,0.872149064,25
"170","MALLAU_P3_R1_W_00002.jpg","MALLAU",3,5,5.030768441,11.388554732,14.01979375,22.768586701,14.017709017,22.768522445,12.858096859,11.613449591,21.906517881,5.289962146,1.65785895,4.469316789,1.433188476,9.448186388,0.382376159,5.326184595,2753,5504,6.685976823,1.488863463,3.118443152,0.320672833,0.90952934,26
"171","MALLAU_P4_R1_W_00001.jpg","MALLAU",4,1,28.082624657,27.237677711,14.125076169,2.760036755,14.148783322,2.758630329,28.561041115,8.622553928,0.776198592,10.609453586,4.045513316,9.349178845,3.824497191,1.71931601,0.432612925,10.610863283,2044,827,179.066036226,3.875116159,2.444551108,0.409073059,0.923418158,35
"172","MALLAU_P4_R1_W_00001.jpg","MALLAU",4,2,37.856016896,17.589265814,10.477458753,8.652475357,10.487030854,8.653881192,32.256996004,4.657191554,5.808834031,11.448929237,5.184500381,9.916749135,4.860441366,169.571989569,0.457190229,11.559440821,1104,1935,172.070976146,5.058094016,2.040298069,0.490124465,0.939784846,36
"173","MALLAU_P4_R1_W_00001.jpg","MALLAU",4,3,31.098516052,20.891023453,15.823724533,15.11750854,15.840176836,15.121414445,27.804435889,10.883654176,12.727125832,9.664516169,4.728905555,8.90210007,4.447923536,171.017341201,0.505500225,9.755994699,2583,3384,171.621137493,4.597115473,2.001405824,0.499648791,0.950627791,38
"174","MALLAU_P4_R1_W_00001.jpg","MALLAU",4,4,15.180731135,39.628024678,8.589229634,19.154686413,8.610552454,19.159720367,22.103456833,4.167848963,17.624770211,8.162740632,3.003551075,6.913082499,2.795960731,174.030764801,0.390465038,8.214380542,988,4434,173.572075886,2.910625685,2.47252489,0.404444867,0.9145454,39
"175","MALLAU_P4_R1_W_00001.jpg","MALLAU",4,5,36.58080957,25.914603966,15.261114771,24.240861417,15.273572908,24.245768764,32.485671503,8.854569812,21.522637056,12.111229123,5.214029675,10.21318191,4.560393982,166.827545534,0.435591584,12.409422015,2104,5263,166.974725801,4.723889565,2.23953938,0.446520391,0.911947399,40
"176","MALLAU_P5_R1_W_00001.jpg","MALLAU",5,1,9.383315004,19.010366969,16.68531236,6.394136896,16.684631642,6.392441305,19.775460651,13.95470078,5.239340498,5.602128971,2.303284953,5.179230339,2.306753502,179.866935767,0.301517791,5.602764247,3308,1513,179.137176983,2.275515429,2.245246549,0.445385386,0.943558561,42
"177","MALLAU_P5_R1_W_00001.jpg","MALLAU",5,2,13.519681902,15.465909751,8.752164866,9.279835812,8.748450442,9.278756014,21.596628284,5.669624501,7.60168404,6.530192505,3.218693076,5.629279057,3.057903766,2.789003831,0.364254085,6.557225509,1344,2293,5.204440402,3.207928538,1.840894772,0.543214102,0.931455607,44
"178","MALLAU_P5_R1_W_00001.jpg","MALLAU",5,3,13.548297057,13.663039052,15.87147777,13.735837629,15.868099491,13.735172065,26.525237027,12.524639243,12.073262888,7.504659216,3.2440039,6.578414811,2.622246859,14.087189328,0.241978081,7.623612104,2969,3514,10.1347036,2.763507396,2.508693943,0.39861379,0.890482323,45
"179","MALLAU_P5_R1_W_00001.jpg","MALLAU",5,4,7.356301431,14.586191082,8.081816746,17.740836596,8.080129502,17.739441495,14.769938476,6.264428857,16.16517938,4.661410025,3.134323664,4.29559844,2.180449131,147.029103234,0.423752241,5.073901326,1501,3902,154.542799038,2.122297546,1.970052123,0.507600783,0.893411152,46
"180","MALLAU_P5_R1_W_00001.jpg","MALLAU",5,5,7.400523234,13.808236143,14.760537414,22.48223691,14.758492121,22.481268148,14.219181529,12.541513126,21.383427526,4.821711908,2.214697071,4.426905502,2.12849333,173.416539901,0.459963207,4.91101369,2973,5267,169.056848166,2.15064466,2.079830573,0.480808395,0.921238449,47
"181","MALLAU_P6_R1_W_00001.jpg","MALLAU",6,1,17.736270888,16.35322203,15.726604185,4.660191984,15.726018015,4.66006705,26.289524355,9.719356287,3.096357428,10.546176527,2.965584839,8.388442877,2.692099333,176.803692619,0.322482922,10.553160845,2304,960,177.915353992,2.958507508,3.1159485,0.320929566,0.843266623,48
"182","MALLAU_P6_R1_W_00001.jpg","MALLAU",6,2,11.576841017,16.048464414,6.224015292,10.031108699,6.225711364,10.031235458,20.645514131,1.38365836,8.900972989,8.474907457,2.290629542,6.826995235,2.159089216,179.041105735,0.341309619,8.476587119,328,2349,178.859368638,2.267556574,3.16197922,0.316257613,0.8777781,49
"183","MALLAU_P6_R1_W_00001.jpg","MALLAU",6,3,13.641314105,15.931795436,16.641838713,14.5072822,16.644642352,14.507187537,21.710573258,11.461584649,13.220686894,9.035964048,2.581704014,7.250435825,2.395533314,176.52870704,0.363683411,9.056929669,2717,3404,176.100716485,2.574942547,3.026647879,0.330398527,0.850127537,51
"184","MALLAU_P6_R1_W_00001.jpg","MALLAU",6,4,12.753496895,19.355296971,6.727223219,19.295455939,6.729674108,19.295178901,21.022517265,1.889874834,18.025524919,8.339916397,2.636544132,6.776055188,2.396417404,3.06648589,0.362634993,8.342374142,448,4543,1.390823071,2.577764491,2.82757719,0.353659664,0.876945893,52
"185","MALLAU_P6_R1_W_00001.jpg","MALLAU",6,5,12.651510917,16.25029133,15.673903908,24.656581206,15.675928727,24.656065084,21.589385363,10.529302644,23.256428477,8.938939224,2.632325661,6.899905137,2.334583401,173.067963547,0.341092132,8.999951585,2496,5764,173.324679663,2.617790513,2.955518802,0.338350072,0.851797315,53
"186","MALLAU_P7_R1_W_00001.jpg","MALLAU",7,1,16.100188734,9.806420437,15.829455662,2.574275574,15.830708324,2.5735788,25.464472769,9.681390052,1.286633536,10.588361233,2.590140955,8.37527058,2.447610113,0.487999371,0.312012112,10.588697361,2295,618,179.543469586,2.587379658,3.421815645,0.292242512,0.855302639,55
"187","MALLAU_P7_R1_W_00001.jpg","MALLAU",7,2,19.911592111,12.059211191,7.117914616,5.315085819,7.119589961,5.314804224,28.144996736,0.75932471,3.944270021,11.461584649,2.779972132,9.532161433,2.659651397,178.70090946,0.315873684,11.494800642,180,1098,175.643224672,2.779972132,3.583989031,0.279018711,0.891887766,56
"188","MALLAU_P7_R1_W_00001.jpg","MALLAU",7,3,14.261309127,12.034710942,17.310293313,14.527116064,17.309377643,14.526880388,23.540456324,11.659852768,13.229123835,9.440937227,2.509990013,7.535732028,2.40959507,178.373060505,0.323399618,9.459833576,2764,3350,175.319109628,2.509990013,3.127385229,0.319755939,0.861382824,58
"189","MALLAU_P7_R1_W_00001.jpg","MALLAU",7,4,54.074545667,49.548781431,4.366235989,16.812294616,4.484838336,16.795296313,196.154389723,0,9.352349344,21.531073997,17.704921153,9.218630481,7.468555123,12.947484096,0.01766065,27.840842444,0,2230,140.656840183,16.158950533,1.234325827,0.810158856,0.223796301,57
"190","MALLAU_P7_R1_W_00001.jpg","MALLAU",7,5,28.585827849,12.949076333,15.811696317,20.33962457,15.813171788,20.339548561,34.933578478,7.508877687,18.430498098,14.02219631,3.653195549,10.901631842,3.338638377,176.460221565,0.29435708,14.053434544,1780,4780,176.17906093,3.618561604,3.265292797,0.30625125,0.862277121,59
"191","MALLAU_P8_R1_W_00001.jpg","MALLAU",8,1,12.197885972,12.71692738,16.460325155,4.440002033,16.461809506,4.439833378,21.030911594,11.929834887,3.066828134,7.913850866,2.893870839,6.213082747,2.499698043,13.083247036,0.346559843,8.120966805,2828,1291,12.967847235,2.672142674,2.485533309,0.402328143,0.869895954,60
"192","MALLAU_P8_R1_W_00001.jpg","MALLAU",8,2,12.522208856,11.603271711,5.658754526,7.334965127,5.659360888,7.334976868,20.274379111,1.282415066,5.741338501,7.757767453,2.990895663,6.007095317,2.65415657,169.083038905,0.382820936,7.91156703,304,1573,168.684076124,2.867629588,2.263278431,0.441836933,0.860031447,61
"193","MALLAU_P8_R1_W_00001.jpg","MALLAU",8,3,8.483717176,10.18000513,15.611320728,14.505399583,15.610576001,14.505351653,17.784936948,11.448929237,13.435828895,7.230458627,2.130327658,5.504658533,1.962302317,178.468198665,0.337047714,7.244798037,2714,3356,176.394530769,2.130327658,2.805204113,0.356480299,0.833784125,63
"194","MALLAU_P8_R1_W_00001.jpg","MALLAU",8,4,32.544150827,54.1778507,3.265537126,18.125645107,3.381903834,18.11312036,101.323591344,0,10.563050409,10.29306829,15.089469374,6.654785158,6.226572127,119.135594849,0.03983471,15.107413445,1,2504,93.890699034,10.29306829,1.068771874,0.935653365,0.376897382,62
"195","MALLAU_P8_R1_W_00001.jpg","MALLAU",8,5,7.854682044,12.398867808,15.854810479,25.124686126,15.856467583,25.124673546,16.325315985,12.389648184,23.90185448,6.192714856,2.244226365,4.887172994,2.046355184,176.01596159,0.370352501,6.19659877,2937,5932,177.971297443,2.244226365,2.388233007,0.418719613,0.853160505,64
"196","MALLAU_P9_R1_W_00004.jpg","MALLAU",9,1,15.308449397,9.608025603,14.981144717,1.983405689,14.981963275,1.983198338,20.56357323,10.925838882,0.421847061,7.213584744,3.235566958,6.164499509,3.161866282,4.112632988,0.454929294,7.265050282,2592,651,8.784103132,3.235566958,1.949639536,0.512915327,0.892055945,65
"197","MALLAU_P9_R1_W_00004.jpg","MALLAU",9,2,12.775687877,8.63411031,8.077496934,7.202802347,8.077795385,7.20287671,22.42720406,3.138542134,5.775086266,8.740671105,2.775753662,7.08192619,2.296904907,169.375289984,0.319186039,8.933828417,744,1482,168.063967056,2.578957487,3.083247447,0.324333359,0.832159135,66
"198","MALLAU_P9_R1_W_00004.jpg","MALLAU",9,3,18.843150633,9.736572945,15.745786567,11.851113307,15.745368506,11.851206076,23.349961634,11.32659359,9.980901465,8.145866749,3.627884725,6.974473055,3.439950853,175.413304223,0.434301212,8.198087265,2685,2686,173.529575999,3.619481975,2.027492064,0.49322018,0.906591003,68
"199","MALLAU_P9_R1_W_00004.jpg","MALLAU",9,4,24.261131235,10.120854319,10.680845423,17.943959406,10.683269089,17.944249658,28.716473496,4.922955203,15.840357143,10.601016645,3.906303786,8.730498218,3.538198041,172.124377959,0.369707874,10.711647199,1167,4095,171.758210108,3.869830071,2.467498461,0.405268743,0.876161452,69
"200","MALLAU_P9_R1_W_00004.jpg","MALLAU",9,5,20.882603257,8.682393188,13.845691204,24.031580384,13.846661392,24.031251768,27.274471497,8.28929475,22.218684707,10.234009702,3.58991849,8.181215516,3.249951821,177.629170242,0.352762014,10.235849248,1965,5666,178.913730393,3.519302229,2.5173344,0.397245594,0.868500137,70
"201","MANDEN_P1_R1_W_00001.jpg","MANDEN",1,1,3.044346391,16.779904342,14.786893865,6.069407802,14.786511832,6.067950907,11.67507121,13.933608427,4.332369317,1.805505421,3.695380255,3.522762423,1.100324617,64.550399752,0.2806628,4.034834276,3320,1903,66.329461515,1.146020854,3.201566491,0.312347097,0.933005377,1
"202","MANDEN_P1_R1_W_00001.jpg","MANDEN",1,2,1.930561994,22.258918261,11.522150457,10.119360944,11.523277054,10.122004473,8.123349666,10.415403938,8.580369222,1.877219422,2.725132015,2.725404008,0.90190954,120.624840329,0.367640477,3.246920958,2492,2034,123.070677823,0.979389971,3.021815258,0.330926915,0.887469119,3
"203","MANDEN_P1_R1_W_00001.jpg","MANDEN",1,3,2.798982115,26.950881306,15.228605229,13.176923406,15.229341736,13.177346923,10.189098201,12.91695701,12.541513126,4.243781434,1.337255184,3.64624115,0.977383165,13.623682837,0.33879617,4.379032585,3062,3283,14.277205606,1.016266639,3.730615876,0.268052256,0.916622473,4
"204","MANDEN_P1_R1_W_00001.jpg","MANDEN",1,4,2.313787964,24.763837177,10.756457282,17.437926153,10.756587272,17.438412836,8.534185789,9.145644284,16.468909264,3.075265075,1.72957295,2.946564835,0.999810457,153.902504422,0.399217192,3.416588803,2170,3918,153.688048356,1.052541267,2.947123442,0.339313917,0.930216419,5
"205","MANDEN_P1_R1_W_00001.jpg","MANDEN",1,5,2.422447252,14.782318529,14.987622363,18.976862061,14.987654882,18.977042557,8.294983591,13.684718661,17.945373978,2.307503424,2.311721895,2.682159221,1.149952475,48.09744774,0.442418349,3.120122997,3244,4791,45,1.215880662,2.332408755,0.428741316,0.920504723,6
"206","MANDEN_P2_R1_W_00001.jpg","MANDEN",2,1,2.564419705,18.445547249,15.856700749,6.932727677,15.858557319,6.932567261,8.466908488,14.013759369,6.319268975,3.370558018,1.248667301,2.875104399,1.135652875,8.776622125,0.449520226,3.405894526,3322,1700,8.26057071,1.198030457,2.531675358,0.394995352,0.930679385,9
"207","MANDEN_P2_R1_W_00001.jpg","MANDEN",2,2,2.203384717,21.946295156,10.471879,9.712485945,10.473870105,9.712623633,7.293119955,8.896754518,9.11611499,2.965584839,1.168516359,2.569626166,1.091768363,175.122702571,0.520563224,2.972779915,2109,2288,176.012859339,1.149162341,2.353636771,0.424874395,0.94689186,10
"208","MANDEN_P2_R1_W_00001.jpg","MANDEN",2,3,1.79396378,24.70161301,15.638060492,14.32453114,15.643322163,14.32405155,7.736256292,13.802835838,13.819709721,3.197600723,0.97024824,2.599081463,0.878828024,4.772340519,0.376670698,3.199940061,3272,3403,2.19098631,0.945446407,2.957440356,0.338130234,0.903016025,11
"209","MANDEN_P2_R1_W_00001.jpg","MANDEN",2,4,1.448855759,24.902456624,9.89157667,17.761188283,9.893240926,17.760947426,6.360259661,8.559276869,17.278855621,2.480460719,0.936500476,2.066310485,0.89277021,2.310649573,0.450075448,2.484131229,2029,4243,3.11506476,0.932591388,2.314493093,0.432060049,0.926720164,12
"210","MANDEN_P2_R1_W_00001.jpg","MANDEN",2,5,1.873064752,20.219929071,15.946358466,19.923387313,15.949479543,19.922982929,7.788925085,14.115002663,19.41340175,3.18072684,1.029306829,2.605902203,0.915176367,6.217134323,0.387978448,3.200874206,3346,4756,6.431918283,0.983329124,2.847431703,0.351193674,0.917015159,13
"211","MANDEN_P3_R1_W_00001.jpg","MANDEN",3,1,3.759404942,14.602039719,17.778939162,3.808890933,17.779545245,3.808732352,10.130844956,15.650525966,2.940274016,3.79662355,1.687388244,3.423002744,1.398369617,17.030481834,0.460296459,3.994060806,3710,1068,18.090489369,1.474943352,2.447852629,0.408521325,0.945255066,14
"212","MANDEN_P3_R1_W_00001.jpg","MANDEN",3,2,2.427216444,17.973357129,12.900789886,6.578596947,12.900280353,6.578769727,8.77875421,11.035519118,5.948043561,3.366339547,1.231793418,2.952263635,1.046799454,13.226994685,0.395778857,3.443646882,2616,1651,12.163386486,1.128161331,2.820276248,0.354575195,0.944226955,15
"213","MANDEN_P3_R1_W_00001.jpg","MANDEN",3,3,2.199327344,15.628765397,15.813380575,12.436541187,15.812681591,12.436485377,7.700915491,14.123439605,11.866557828,3.18072684,1.130550124,2.732060543,1.024966505,175.347099604,0.466031232,3.180827545,3348,2967,0.455924962,1.086192731,2.665512024,0.375162442,0.947013118,17
"214","MANDEN_P3_R1_W_00001.jpg","MANDEN",3,4,2.544595524,21.101983116,11.118863805,15.675757002,11.120707077,15.675807632,8.879573527,9.230013696,15.114780198,3.526641431,1.109457771,3.056989721,1.059826804,1.370351832,0.405550002,3.53009374,2188,3690,177.465835787,1.109457771,2.88442386,0.346689685,0.933501766,18
"215","MANDEN_P3_R1_W_00001.jpg","MANDEN",3,5,2.035679979,16.466410453,15.692964404,19.385652306,15.693237897,19.385574487,8.283942522,13.819709721,18.886092924,3.256659311,1.016651417,2.792252063,0.928250097,0.605393565,0.372773658,3.25981617,3276,4551,177.478240348,1.016651417,3.008081627,0.332437787,0.882532653,19
"216","MANDEN_P4_R1_W_00001.jpg","MANDEN",4,1,2.553368703,18.105233507,15.97762746,10.906988624,15.975930825,10.905609404,9.576405215,15.169620316,9.073930284,1.653640479,3.155416017,3.093259563,1.051011058,114.437815476,0.349879394,3.429805991,3627,2153,114.642249643,1.110763141,2.943127515,0.339774609,0.929851564,20
"217","MANDEN_P4_R1_W_00001.jpg","MANDEN",4,2,1.913602888,17.313226702,12.036397884,10.663219893,12.038080819,10.663021266,7.561448775,10.288849819,10.162295701,3.218693076,0.96602977,2.782521885,0.875635474,6.28716534,0.42058294,3.240515889,2439,2584,6.653190303,0.939631688,3.177717175,0.314691316,0.949657124,21
"218","MANDEN_P4_R1_W_00001.jpg","MANDEN",4,3,1.996992574,11.58253227,16.468166627,14.794424328,16.468407227,14.794120512,7.738890551,15.300392905,13.845020544,2.214697071,2.2104786,2.65454635,0.957847248,42.191859498,0.419014358,3.108282965,3627,3800,44.560117821,1.04277327,2.771367101,0.360832746,0.933656702,24
"219","MANDEN_P4_R1_W_00001.jpg","MANDEN",4,4,1.969000262,16.372172581,11.313453294,16.263075341,11.314953363,16.262972838,7.318576264,9.588583698,15.713803025,3.045735781,1.020869888,2.605205528,0.962307568,2.035381464,0.461957936,3.052741953,2273,3904,3.882541125,1.016735505,2.7072483,0.369378753,0.935090618,25
"220","MANDEN_P4_R1_W_00001.jpg","MANDEN",4,5,1.642292782,15.221286907,16.934139625,20.548669433,16.935011503,20.548238353,7.028722288,15.287737493,20.071483166,2.89808931,0.890097299,2.619643957,0.798212333,9.183286564,0.417741556,2.946428841,3624,4954,10.392892161,0.85239436,3.281888602,0.304702603,0.948678807,26
"221","MANDEN_P5_R1_W_00001.jpg","MANDEN",5,1,2.933533848,8.232628331,14.906452987,7.128753825,14.907013072,7.128489822,9.062042773,12.950704775,6.260210386,3.543515313,1.691606715,3.323967328,1.123684721,24.575167496,0.448899118,3.859718496,3071,1876,23.511050048,1.17235541,2.958096043,0.338055285,0.954116493,28
"222","MANDEN_P5_R1_W_00001.jpg","MANDEN",5,2,2.54461332,11.232738428,8.432037521,9.608852843,8.43281459,9.609013665,8.057810888,6.6314358,9.019090166,3.370558018,1.181171771,3.036048347,1.067144503,171.54706494,0.492490116,3.39633258,1572,2209,172.936772328,1.127732162,2.845020836,0.351491275,0.958108869,29
"223","MANDEN_P5_R1_W_00001.jpg","MANDEN",5,3,2.375609511,14.314560115,14.882048396,13.870050774,14.88272293,13.870024175,8.102218357,13.060385011,13.250216188,3.24822237,1.282415066,2.756589592,1.097268879,163.396088172,0.454754529,3.371336682,3096,3186,164.468213748,1.195825297,2.512227991,0.398053044,0.920607555,31
"224","MANDEN_P5_R1_W_00001.jpg","MANDEN",5,4,2.813876944,12.599908825,7.453409946,16.842926,7.454884788,16.843197172,9.196506981,5.500885676,16.135650086,3.636321666,1.438498478,3.300114342,1.08564099,162.142779122,0.418089399,3.786166089,1304,3875,163.82661475,1.125020132,3.039784214,0.32897072,0.943803794,32
"225","MANDEN_P5_R1_W_00001.jpg","MANDEN",5,5,2.014912637,16.653585224,14.322965783,20.509514816,14.324152218,20.509353444,7.586293009,12.684941126,19.953365989,3.020424957,1.130550124,2.643521982,0.970472902,166.485857904,0.439953583,3.120884316,3008,4747,165.118470297,1.040270433,2.723952392,0.367113611,0.924007247,33
"226","MANDEN_P6_R1_W_00001.jpg","MANDEN",6,1,2.477292965,19.251349363,17.056059879,5.783241373,17.057876242,5.783961006,9.106565597,14.962915256,5.268869793,3.72912802,1.084146947,3.29519981,0.957206709,172.828151768,0.375385932,3.739195335,3547,1368,175.794642998,1.041400535,3.442516416,0.29048518,0.909274391,34
"227","MANDEN_P6_R1_W_00001.jpg","MANDEN",6,2,1.594725426,20.465874686,8.987929388,9.707498541,8.987986709,9.70752656,6.957804806,7.331701921,9.276416873,2.936055545,0.852131063,2.62498296,0.77351644,3.657340306,0.413953254,2.944879255,1738,2334,4.436474486,0.844421834,3.393571,0.294674843,0.933056375,36
"228","MANDEN_P6_R1_W_00001.jpg","MANDEN",6,3,2.448802379,16.703576861,17.772378884,12.369301623,17.772850661,12.369234791,9.095379041,15.574593495,11.866557828,3.805060491,1.029306829,3.276148733,0.95170039,177.193284376,0.371982062,3.810444352,3692,2890,176.953873864,1.029306829,3.442416088,0.290493646,0.924114218,37
"229","MANDEN_P6_R1_W_00001.jpg","MANDEN",6,4,2.751361373,17.34902452,10.033128565,16.105130306,10.034005782,16.105026516,9.616700743,7.778859806,15.566156553,4.00754708,1.063054594,3.529688021,0.992479245,1.66038861,0.37385681,4.008934495,1844,3820,1.507435759,1.063054594,3.556435098,0.281180444,0.933375995,38
"230","MANDEN_P6_R1_W_00001.jpg","MANDEN",6,5,2.416129851,19.613098766,17.393085475,19.095182067,17.393164473,19.095135359,8.204031115,15.4733502,18.586581511,3.416961195,1.041962241,3.100634999,0.992155501,178.890608564,0.451102815,3.417127846,3668,4509,0.565865843,1.041962241,3.125150236,0.319984617,0.95851012,39
"231","SALAPI_P10_R1_W_00001.jpg","SALAPI",10,1,3.668594535,23.546433744,16.360539477,5.998883802,16.365900024,6.000439864,11.569643232,13.74799572,5.184500381,4.517982024,1.619892715,3.86554767,1.208366843,166.699795266,0.344405156,4.631967174,3260,1247,166.571243689,1.324018722,3.198985218,0.312599131,0.887022934,1
"232","SALAPI_P10_R1_W_00001.jpg","SALAPI",10,2,3.950528551,44.564622099,11.040164764,8.100880681,11.052645692,8.099552133,12.738283771,8.183832985,7.378105098,5.146534145,1.371002948,4.126669177,1.218893243,179.38423324,0.305944908,5.148651589,1940,1948,178.356719346,1.371002948,3.38558705,0.29536975,0.881746525,3
"233","SALAPI_P10_R1_W_00001.jpg","SALAPI",10,3,3.885557201,25.575850385,16.025575921,12.673182703,16.033798105,12.674418372,11.635836697,13.271308541,11.972019593,4.855459673,1.45115389,4.024464573,1.22929274,171.308567776,0.360635052,4.893311354,3146,2904,172.868857071,1.365837451,3.273804881,0.305454979,0.887218839,4
"234","SALAPI_P10_R1_W_00001.jpg","SALAPI",10,4,4.197209693,64.040464152,9.102143678,17.366016803,9.144610658,17.373079479,12.501055975,6.268647327,16.633429618,4.935610615,1.463809302,4.077455799,1.310634283,171.108341133,0.337502607,5.018251574,1486,4018,169.587454824,1.434644551,3.111055351,0.321434332,0.892124156,5
"235","SALAPI_P10_R1_W_00001.jpg","SALAPI",10,5,4.364184816,27.253387353,15.971459421,21.815660842,15.976787984,21.819777797,12.563699653,13.524416778,20.096793989,4.159412022,3.028861898,4.093377123,1.35747392,144.00249312,0.347438472,5.045714091,3208,4791,145.353320044,1.540806702,3.015437029,0.331626889,0.871913748,6
"236","SALAPI_P1_R1_W_00002.jpg","SALAPI",1,1,8.02338333,16.093284019,17.53333074,3.758312429,17.530376174,3.755644325,16.455618329,15.570375024,2.012210481,4.374554023,3.94005155,4.736983133,2.156581236,138.989674721,0.3723394,5.759615279,3716,480,137.523065252,2.319663284,2.19652432,0.455264707,0.891204205,8
"237","SALAPI_P1_R1_W_00002.jpg","SALAPI",1,2,7.220094718,21.675532458,7.875720882,8.272530476,7.881437439,8.271871471,14.591606133,4.876552026,7.154526156,5.315272969,2.202041659,4.447040855,2.067197134,2.56064473,0.426134369,5.321912913,1156,2015,2.862405226,2.198026054,2.151241786,0.464847795,0.914281207,10
"238","SALAPI_P1_R1_W_00002.jpg","SALAPI",1,3,9.580346717,18.947808219,16.666977773,13.502243804,16.676423669,13.50496132,17.797558573,13.161628305,12.115447594,6.066160738,2.809501427,5.243255599,2.326431749,159.230555428,0.380075809,6.395560395,3124,2937,160.943594419,2.617896703,2.25377581,0.443699855,0.89934682,11
"239","SALAPI_P1_R1_W_00002.jpg","SALAPI",1,4,8.280901928,19.594411333,10.711355415,18.178781987,10.716178636,18.179092865,15.783643356,7.424508275,16.99621809,5.94382509,2.332814248,4.908914601,2.147841765,179.902140708,0.417708187,5.944916284,1760,4284,178.902202458,2.328332104,2.285510358,0.437539036,0.911962356,12
"240","SALAPI_P1_R1_W_00002.jpg","SALAPI",1,5,8.390984856,18.875959038,15.940787592,22.705122496,15.948068581,22.703496111,16.205242057,12.659630303,21.48045235,5.829926384,2.476242248,4.855939343,2.200137395,13.295950733,0.401524229,5.963920918,3001,5548,12.168351062,2.36200502,2.207107316,0.453081729,0.899511445,13
"241","SALAPI_P2_R1_W_00002.jpg","SALAPI",2,1,11.191764316,37.769618535,17.699890407,6.976031698,17.740421639,6.982681472,21.454236337,12.701815009,5.808834031,8.441159692,2.400309777,6.926141339,2.057393317,170.594540423,0.305550008,8.57077067,3011,1444,170.023058881,2.280817923,3.366464391,0.29704755,0.874235282,16
"242","SALAPI_P2_R1_W_00002.jpg","SALAPI",2,2,7.429618867,32.031507018,8.392423464,8.532712195,8.401452984,8.531777823,17.975509551,4.387209435,7.428726745,6.901417919,2.164075423,5.42599391,1.743401246,169.968088597,0.288944199,6.933124147,1040,1987,174.518352877,1.989173718,3.112303562,0.321305419,0.822521526,17
"243","SALAPI_P2_R1_W_00002.jpg","SALAPI",2,3,12.197957154,40.88982313,15.29540433,14.961001536,15.355985171,14.972232742,22.744621754,10.326816055,13.604567719,8.538184516,2.775753662,7.108618327,2.184801701,167.332291548,0.296305375,8.726123395,2448,3301,168.087090686,2.395084005,3.253667517,0.307345478,0.869583199,18
"244","SALAPI_P2_R1_W_00002.jpg","SALAPI",2,4,6.223191127,42.16027097,7.011341271,18.228865454,7.009112345,18.22771974,15.685149676,3.459145901,16.835916207,5.990228267,2.493116131,4.847817581,1.634470131,161.727940168,0.317867165,6.271163427,828,4005,161.772246243,1.810337719,2.965987257,0.337155865,0.837669322,19
"245","SALAPI_P2_R1_W_00002.jpg","SALAPI",2,5,5.272146526,55.938646289,16.417240692,20.690458739,16.487236884,20.685661311,15.788906705,12.706033479,19.856341165,6.331924387,1.539741773,4.900358186,1.369839752,1.856723437,0.265762205,6.338611109,3012,5012,2.631997039,1.532887594,3.577322222,0.279538699,0.834389711,20
"246","SALAPI_P3_R1_W_00001.jpg","SALAPI",3,1,9.805708856,31.144483544,13.137812276,5.448241219,13.156759966,5.436807873,21.014787963,9.12033346,3.526641431,7.036408979,4.446268024,6.587833614,1.895162661,31.345350677,0.279022248,8.24244791,2173,1879,32.055116417,2.121594999,3.476130968,0.287676158,0.880065867,22
"247","SALAPI_P3_R1_W_00001.jpg","SALAPI",3,2,9.201053551,60.809231674,7.636318139,8.474437158,7.671101463,8.479005877,19.921038671,3.412742724,7.268424862,7.378105098,2.509990013,6.23402232,1.879227348,163.538275907,0.291355664,7.657653649,809,1797,164.470820374,2.093171303,3.317332693,0.301447004,0.898884921,23
"248","SALAPI_P3_R1_W_00001.jpg","SALAPI",3,3,8.239420631,64.509518769,14.898529018,13.842001644,14.884661926,13.832064764,17.058251206,12.102792182,12.731344303,6.610343447,2.2104786,5.61689382,1.867714881,166.185117315,0.355825876,6.807001352,2877,3075,164.913049751,2.061506764,3.007361496,0.332517391,0.90964923,24
"249","SALAPI_P3_R1_W_00001.jpg","SALAPI",3,4,8.723760599,68.573853586,9.154582664,15.996904604,9.176968805,15.99708844,17.945607716,5.150752616,14.950259844,7.120778391,2.100798364,5.902475046,1.881827011,176.470288683,0.340406044,7.13428069,1221,3754,176.474384803,2.083125924,3.136566227,0.318819986,0.91647255,25
"250","SALAPI_P3_R1_W_00001.jpg","SALAPI",3,5,6.722354742,68.20615872,14.295205718,20.238307287,14.314465946,20.239430311,16.031869609,11.322375119,18.742664923,5.694935324,2.826375309,5.397209189,1.585850685,155.478451186,0.328672181,6.275343341,2693,4460,154.261769781,1.706137011,3.403352686,0.293827908,0.940547862,26
"251","SALAPI_P4_R1_W_00002.jpg","SALAPI",4,1,8.566501816,48.270135361,16.433278783,5.166575101,16.494231829,5.182212775,17.58056635,12.419177478,3.982236256,6.998442743,2.387654366,5.854369075,1.8630887,163.630652112,0.348295331,7.247212191,2952,1002,163.949238988,2.063665039,3.142292191,0.318239024,0.886941189,28
"252","SALAPI_P4_R1_W_00002.jpg","SALAPI",4,2,8.830213246,45.857804514,9.7508954,8.418984392,9.747647268,8.418741394,30.050594044,5.214029675,7.357012745,8.027749572,2.083924482,6.0524395,1.85759423,178.045677716,0.122878226,8.032009031,1236,1978,178.133955736,2.077711208,3.258213986,0.306916613,0.841831584,30
"253","SALAPI_P4_R1_W_00002.jpg","SALAPI",4,3,9.244421171,63.166982179,15.81610033,13.910325625,15.90175594,13.916998762,19.248785206,11.221131824,12.925393951,7.998220278,2.037521305,6.348590553,1.854011927,179.34525889,0.313532767,8.001000959,2660,3192,178.489385469,2.036461366,3.424244721,0.292035202,0.86513047,31
"254","SALAPI_P4_R1_W_00002.jpg","SALAPI",4,4,14.730807653,52.930660506,8.876720746,17.281229625,8.965292956,17.281511202,24.546529606,3.256659311,15.928945026,9.765759464,2.509990013,7.96714153,2.354150075,178.57899275,0.307224766,9.771159982,772,4190,178.094967965,2.509102469,3.38429636,0.295482397,0.893805749,32
"255","SALAPI_P4_R1_W_00002.jpg","SALAPI",4,5,9.013898338,46.812334258,14.229320217,23.024476325,14.219691474,23.020820556,36.646270234,9.457811109,21.96979494,8.204925338,2.07126907,6.120254266,1.875224675,1.996803576,0.084345703,8.204994742,2242,5480,0.235662546,2.063038485,3.263744525,0.306396531,0.828951363,33
"256","SALAPI_P5_R1_W_00001.jpg","SALAPI",5,1,6.476687944,51.019010431,14.648386007,8.446465533,14.679725824,8.453414234,16.128988482,11.170510177,7.496222275,6.15053015,1.860345539,5.10283779,1.616037105,169.294982317,0.312858943,6.287424896,2649,1873,167.838120438,1.732737179,3.15762415,0.316693803,0.894102185,36
"257","SALAPI_P5_R1_W_00001.jpg","SALAPI",5,2,6.654856432,45.49567871,8.629077812,9.862042931,8.648228086,9.861041302,16.353115582,4.884988967,8.900972989,6.475352387,1.822379304,5.159698717,1.642194019,179.482617737,0.312714157,6.475749489,1158,2416,179.365479849,1.817914933,3.141954395,0.318273238,0.865963793,38
"258","SALAPI_P5_R1_W_00001.jpg","SALAPI",5,3,6.423959894,56.809871291,14.183581476,14.510424837,14.208916627,14.516884651,15.607987884,10.714915351,13.570819955,6.175840974,1.826597774,5.128199153,1.594953614,169.615728179,0.331374318,6.285951536,2544,3322,168.463841617,1.72694988,3.215265391,0.311016317,0.891189766,39
"259","SALAPI_P5_R1_W_00001.jpg","SALAPI",5,4,6.240079051,64.361553929,8.513439145,21.521976601,8.540914531,21.521598202,16.742722691,5.062164733,20.58191811,6.14631168,1.818160833,4.931427547,1.611118755,5.863130764,0.279735631,6.191474766,1201,5300,7.241224988,1.790310425,3.060871541,0.326704335,0.865246529,40
"260","SALAPI_P5_R1_W_00001.jpg","SALAPI",5,5,6.074830091,61.986205807,14.103925349,24.255415137,14.111273266,24.258042676,16.401120621,10.698041469,23.079252711,6.002883679,2.223134012,5.167384997,1.496833293,162.65629977,0.283789913,6.340703736,2536,5483,161.094930147,1.64834717,3.452211426,0.289669396,0.883108182,41
"261","SALAPI_P6_R1_W_00001.jpg","SALAPI",6,1,6.492312388,38.706769515,12.925230886,6.063525508,12.930088293,6.062086578,16.239807646,9.348130873,5.184500381,6.361453681,1.742228362,5.148765212,1.60548569,2.059576757,0.309348141,6.368109396,2216,1457,2.619796607,1.733129428,3.206982937,0.311819557,0.884927353,43
"262","SALAPI_P6_R1_W_00001.jpg","SALAPI",6,2,7.308520529,32.612268363,8.793540993,8.414454512,8.799725672,8.413226478,17.353441275,4.876552026,7.46247451,6.711586742,1.948933422,5.350339741,1.739234853,174.538798899,0.304977721,6.720279222,1156,1920,177.085509349,1.925628005,3.076260651,0.325069984,0.876591603,45
"263","SALAPI_P6_R1_W_00001.jpg","SALAPI",6,3,6.848311251,40.459550388,13.217933116,12.803426499,13.227124841,12.804232989,16.152585745,9.398752521,11.815936181,6.488007799,1.974244246,5.251849078,1.660280136,170.184252243,0.329844498,6.563945692,2228,2925,171.27623421,1.861754941,3.163230689,0.316132492,0.86542464,46
"264","SALAPI_P6_R1_W_00001.jpg","SALAPI",6,4,6.332882554,62.114145439,9.441306525,16.492244067,9.468122928,16.494606851,15.802388766,5.922732737,15.616778201,6.21802568,1.72957295,5.04844043,1.597181667,177.425185424,0.318688076,6.228355787,1404,3881,176.699624405,1.72957295,3.160842962,0.316371301,0.889289271,47
"265","SALAPI_P6_R1_W_00001.jpg","SALAPI",6,5,6.824500879,44.157571188,14.999033892,21.752016428,15.017248124,21.743843242,15.877503413,11.516424767,20.590355051,5.990228267,2.48467919,5.182432499,1.676669092,20.869644145,0.340185915,6.392397329,2730,5461,20.432133941,1.807656906,3.090909544,0.323529364,0.880053332,48
"266","SALAPI_P7_R1_W_00002.jpg","SALAPI",7,1,3.831974968,35.915861998,16.51261191,5.045970773,16.521482385,5.044134427,12.836589353,13.448484307,4.252218376,5.070601674,1.514430949,4.061842009,1.201184599,13.75293752,0.292235674,5.178256442,3188,1332,11.70355442,1.422921609,3.38153021,0.295724107,0.83368113,49
"267","SALAPI_P7_R1_W_00002.jpg","SALAPI",7,2,4.594672058,28.372690843,9.571712846,8.952170835,9.577371533,8.953719954,13.476555084,6.585032623,7.994001807,5.121223321,1.902530245,4.314047068,1.356062664,160.990475903,0.317911766,5.329972094,1561,1933,163.587427731,1.486244886,3.181303624,0.314336548,0.85862128,50
"268","SALAPI_P7_R1_W_00002.jpg","SALAPI",7,3,4.379649101,29.171069677,15.720691434,14.801692358,15.72744542,14.803311599,12.080480847,13.05616654,13.980011604,4.758434849,1.628329656,4.048874325,1.377257474,166.095327369,0.377121018,4.907967118,3095,3354,165.820427802,1.519244055,2.939809295,0.340158119,0.895020311,52
"269","SALAPI_P7_R1_W_00002.jpg","SALAPI",7,4,3.551535774,42.449684618,9.068391336,19.409243954,9.079741304,19.417065133,11.331524869,6.90985486,18.021306449,3.695380255,2.573267073,3.60767885,1.253425258,145.749981349,0.347575651,4.389928289,1644,4282,146.722235071,1.382439039,2.878256065,0.347432604,0.867934375,53
"270","SALAPI_P7_R1_W_00002.jpg","SALAPI",7,5,3.331654646,44.600216796,14.004667335,23.26366545,14.023999697,23.267167702,11.590684148,11.229568766,22.611002473,4.682502378,1.358347537,3.779137818,1.122476779,169.458761413,0.311638926,4.750054104,2662,5428,170.027391598,1.337263641,3.366784854,0.297019276,0.841923726,54
"271","SALAPI_P8_R1_W_00001.jpg","SALAPI",8,1,3.968502,35.727041808,15.901411242,4.983647922,15.922200818,4.985738847,10.942692972,13.752214191,4.108790375,3.859900609,1.708480597,3.278783304,1.541075823,167.557230211,0.416474139,3.92027356,3260,1103,169.584863428,1.700047741,2.127593759,0.470014539,0.90767227,55
"272","SALAPI_P8_R1_W_00001.jpg","SALAPI",8,2,4.692778618,23.70549808,9.825080801,7.806135781,9.81505132,7.803131363,13.018634622,7.825262983,6.918291802,4.589696024,1.86456401,3.854608636,1.550100639,164.263895225,0.347943762,4.71600299,1855,1722,166.709591332,1.724996179,2.486682825,0.402142159,0.885631237,57
"273","SALAPI_P8_R1_W_00001.jpg","SALAPI",8,3,3.732142245,33.632425148,15.684381926,12.491312171,15.696468409,12.489807507,10.681396155,13.515979837,11.710474415,3.855682138,1.611455773,3.224286847,1.473786706,2.866845287,0.411066426,3.856201335,3204,2901,179.059781677,1.60471415,2.187756772,0.457089203,0.893252182,58
"274","SALAPI_P8_R1_W_00001.jpg","SALAPI",8,4,4.155941942,28.521016114,10.543083802,16.058578484,10.545756838,16.056331624,11.466207306,8.192269926,15.017755374,3.838808256,2.1387646,3.35853798,1.575539612,26.920812632,0.397227912,4.215178919,1942,4048,27.539549688,1.770697299,2.131674732,0.469114722,0.872185477,59
"275","SALAPI_P8_R1_W_00001.jpg","SALAPI",8,5,4.015891402,32.652833207,14.864221047,21.278892278,14.884043205,21.266730408,12.159368681,12.706033479,20.370994579,3.961143903,2.286411071,3.612292555,1.415497682,24.998283472,0.341326314,4.451733867,3013,5369,27.973480949,1.577000957,2.551959357,0.39185577,0.879048923,60
"276","SALAPI_P9_R1_W_00001.jpg","SALAPI",9,1,10.105438367,33.610502952,16.779330174,4.09611745,16.79901211,4.096702672,20.134518548,12.216690889,3.024643428,8.044623455,2.164075423,6.621559282,1.943144084,4.009130373,0.313243828,8.079200552,2896,1064,5.302769101,2.101040385,3.407652236,0.293457175,0.889443183,62
"277","SALAPI_P9_R1_W_00001.jpg","SALAPI",9,2,9.492223429,35.227677527,10.103308037,9.137489567,10.130502725,9.137093724,20.226404203,5.517759559,8.15008522,7.905413924,2.050176717,6.510451712,1.85638029,3.207930645,0.291568399,7.926819457,1308,2176,4.21161776,2.010724267,3.507067893,0.285138478,0.888406624,64
"278","SALAPI_P9_R1_W_00001.jpg","SALAPI",9,3,10.809143393,39.309973735,15.309180622,14.644333704,15.367817813,14.635838938,20.66135196,10.411185467,13.40208113,8.453815104,2.408746719,7.201439125,1.911094237,11.371450385,0.318187907,8.651580323,2468,3685,12.274269217,2.073393402,3.768228162,0.265376712,0.899069342,65
"279","SALAPI_P9_R1_W_00001.jpg","SALAPI",9,4,11.540751755,37.717459975,9.459288232,18.06298635,9.50503882,18.068130509,20.549975813,4.842804261,16.911848678,8.263983926,2.337032718,6.921992648,2.122819578,177.262689295,0.343416639,8.294678261,1148,4145,175.069386244,2.309874638,3.260754103,0.306677526,0.901947504,66
"280","SALAPI_P9_R1_W_00001.jpg","SALAPI",9,5,9.448179581,45.660532582,14.463487426,22.399145757,14.507274204,22.408650436,19.500651641,10.010430759,21.223125642,7.888540042,2.337032718,6.503844916,1.849643714,169.52844353,0.312219307,7.984784868,2373,5092,171.095041197,2.04217845,3.516269034,0.284392346,0.881409309,67
"281","SALLEU_P1_R1_W_00001.jpg","SALLEU",1,1,1.174217895,87.116058463,16.348708744,8.130952566,16.340009794,8.128549899,7.458497089,15.355233023,7.707145806,2.193604718,0.873223416,1.875404577,0.797193671,171.195240103,0.265250316,2.229157384,3640,1881,169.753341507,0.825724342,2.352508112,0.425078237,0.893426308,2
"282","SALLEU_P1_R1_W_00001.jpg","SALLEU",1,2,1.684023216,78.770738403,11.051758839,11.32575923,11.04372847,11.324163585,9.058578209,9.858565817,10.782410881,2.712476603,1.075710006,2.167309123,0.989321242,0.458716783,0.257891995,2.713119466,2337,2659,178.752699542,1.074996997,2.190703112,0.456474451,0.851290447,3
"283","SALLEU_P1_R1_W_00001.jpg","SALLEU",1,3,1.85897072,69.889028399,16.181068153,15.307799832,16.178286405,15.308296034,9.11866037,14.99244455,14.71402549,2.801064485,1.143205535,2.241507398,1.055947902,179.784186576,0.280944369,2.801687022,3554,3616,1.20786458,1.12781033,2.122744309,0.471088296,0.83910742,4
"284","SALLEU_P1_R1_W_00001.jpg","SALLEU",1,4,1.807096854,70.261095064,10.781897426,17.411634422,10.774919895,17.414009522,9.239175927,9.647642287,16.789513031,2.598577896,1.193827183,2.129712254,1.08036528,11.233022516,0.266026451,2.628658987,2287,4153,8.676255294,1.18353961,1.971289057,0.507282276,0.849187799,5
"285","SALLEU_P1_R1_W_00001.jpg","SALLEU",1,5,1.651742189,82.980640803,15.743631827,21.43552017,15.737668354,21.43687635,8.936221255,14.608563725,20.784404699,2.442494484,1.210701065,2.222626804,0.946206295,19.778976592,0.259922754,2.608001008,3463,5176,21.044164815,0.986367283,2.348987547,0.425715326,0.880108475,6
"286","SALLEU_P2_R1_W_00001.jpg","SALLEU",2,1,2.082766857,61.171635148,16.890066547,6.004213803,16.881415245,6.002264524,8.62646529,15.33835914,5.382768499,2.944492486,1.155860947,2.682034965,0.988749647,168.702429947,0.351710038,3.011716226,3636,1337,167.871612064,1.050101584,2.712552135,0.368656509,0.908218971,8
"287","SALLEU_P2_R1_W_00001.jpg","SALLEU",2,2,1.397284416,69.588163096,12.66253172,8.605120522,12.657288501,8.607281177,8.183050461,11.575483356,8.103682043,2.341251189,0.96602977,2.070612889,0.859203468,9.695096101,0.262219039,2.376313584,2745,2082,10.432210647,0.918548706,2.409921475,0.41495128,0.895272736,10
"288","SALLEU_P2_R1_W_00001.jpg","SALLEU",2,3,1.071982781,70.389968442,16.557257543,12.520137681,16.55162678,12.518628956,5.944832527,15.760206202,11.845465475,1.775976127,1.261322713,1.818189231,0.750686917,144.86503617,0.381169747,2.080800985,3740,2822,144.988947821,0.824582151,2.422033993,0.412876121,0.901376627,11
"289","SALLEU_P2_R1_W_00001.jpg","SALLEU",2,4,1.103836716,70.509306893,12.33319046,14.03808785,12.341988369,14.039500275,6.955817923,11.157854765,13.60878619,2.151420011,0.82682024,1.846466431,0.761155759,175.861683964,0.286693792,2.163006151,2645,3299,174.067029638,0.815167666,2.425871984,0.412222907,0.874029506,12
"290","SALLEU_P2_R1_W_00001.jpg","SALLEU",2,5,1.366142301,81.946978706,17.290273912,17.66380564,17.289072863,17.671519156,6.896686591,16.114557733,17.05949515,2.206260129,1.122113182,1.996751756,0.871128019,156.991140854,0.360931529,2.381848774,3821,4080,157.067899562,0.948907742,2.292145025,0.43627257,0.880590509,13
"291","SALLEU_P3_R1_W_00001.jpg","SALLEU",3,1,1.553066173,70.139430949,16.263045428,4.960369701,16.263286071,4.962321493,8.526451317,14.895419726,4.471578847,2.547956249,1.025088358,2.122787186,0.931523085,6.528101698,0.268449866,2.56501052,3531,1232,6.610747357,1.015750553,2.27883476,0.438820759,0.859985022,14
"292","SALLEU_P3_R1_W_00001.jpg","SALLEU",3,2,1.455173159,71.578882046,10.251683304,8.624305193,10.258388912,8.625909267,7.268935578,8.8419144,8.15008522,2.501553072,0.936500476,2.111160563,0.877613974,176.728013472,0.346085098,2.501695344,2096,2045,176.616519104,0.936500476,2.405568538,0.415702144,0.877815231,16
"293","SALLEU_P3_R1_W_00001.jpg","SALLEU",3,3,1.098373499,86.260547276,15.638685447,10.137099768,15.644654768,10.134527691,7.750719314,14.676059255,9.719356287,2.007992011,0.784635534,1.800442581,0.776749333,2.98055399,0.229760777,2.012811767,3479,2440,176.034159201,0.779591939,2.317919701,0.43142133,0.908444641,17
"294","SALLEU_P3_R1_W_00001.jpg","SALLEU",3,4,1.298821946,62.666278963,10.866221325,15.266480299,10.858946767,15.268657246,7.125931555,9.845910405,14.751991726,2.408746719,0.96602977,1.929682174,0.856986444,6.557551108,0.321422437,2.421571157,2334,3657,5.899294104,0.952502395,2.251706766,0.444107561,0.819252766,18
"295","SALLEU_P3_R1_W_00001.jpg","SALLEU",3,5,1.431273811,54.873991013,15.244170503,17.60337824,15.249938808,17.603835429,6.976713353,13.866112897,17.067932091,2.442494484,1.029306829,1.995707518,0.91313702,1.855543971,0.369513942,2.446952959,3287,4211,3.459266056,1.007885352,2.185550991,0.457550523,0.855359222,19
"296","SALLEU_P4_R1_W_00001.jpg","SALLEU",4,1,2.033508928,71.88925365,16.683986126,5.513376349,16.690484349,5.515535322,9.438664541,15.169620316,4.847022732,2.826375309,1.202264124,2.4230911,1.06852936,168.584679246,0.286836784,2.887419103,3596,1230,168.197565792,1.177459449,2.267687899,0.440977791,0.879044883,20
"297","SALLEU_P4_R1_W_00001.jpg","SALLEU",4,2,1.957219644,73.206796004,10.424571011,8.245878647,10.427791941,8.247514699,9.609377768,8.964250048,7.593247099,2.674510367,1.206482595,2.336079985,1.066748341,166.932147858,0.2663538,2.727103404,2127,1886,167.85572195,1.130640896,2.189907306,0.456640332,0.895285231,21
"298","SALLEU_P4_R1_W_00001.jpg","SALLEU",4,3,1.504075178,68.076679236,16.756895948,14.195937356,16.763650829,14.192642925,7.725263004,15.625215142,13.600349249,2.067050599,1.333036713,1.886822379,1.014959339,27.207453412,0.316703498,2.349885034,3707,3539,29.464209494,1.097502117,1.859012777,0.537919918,0.858724917,23
"299","SALLEU_P4_R1_W_00001.jpg","SALLEU",4,4,1.524237473,83.637978173,10.620874307,16.925395552,10.635974278,16.929094752,8.294632356,9.297509226,16.405632205,2.421402131,1.0335253,1.995744695,0.972428704,178.196928065,0.278399349,2.433732179,2204,3954,174.230114942,1.023509957,2.052330096,0.487251053,0.862489805,24
"300","SALLEU_P4_R1_W_00001.jpg","SALLEU",4,5,1.17475176,82.166555707,13.569410581,23.583702084,13.566658989,23.584689166,6.775323079,12.301060301,23.07081577,2.256881777,0.949155887,1.909128678,0.783467565,163.010957376,0.321585123,2.345640365,2916,5503,163.813985886,0.870444182,2.436767982,0.410379653,0.860672355,25
"301","SALLEU_P5_R1_W_00001.jpg","SALLEU",5,1,1.444371294,76.849010942,16.915677422,5.534518085,16.918688452,5.534806568,7.969128956,15.490224082,5.04529085,2.518426955,0.97024824,2.050953527,0.896671048,0.21412636,0.285803145,2.522751237,3672,1340,3.355208547,0.97024824,2.28729759,0.437197155,0.844356135,26
"302","SALLEU_P5_R1_W_00001.jpg","SALLEU",5,2,1.063939217,64.074707099,8.975563052,8.859184079,8.979002661,8.859422514,7.261170975,7.622776394,8.407411927,2.244226365,0.864786475,1.749533888,0.774291652,179.026198496,0.253579041,2.244325481,1807,2110,0.538478314,0.864786475,2.259528285,0.442570251,0.799019051,27
"303","SALLEU_P5_R1_W_00001.jpg","SALLEU",5,3,0.963448061,87.301526688,16.706705169,13.595455698,16.707798833,13.598386942,6.881932597,15.464913259,13.229123835,2.176730835,0.755106239,1.765715047,0.694732807,4.444574433,0.25563325,2.188618009,3666,3246,5.974323286,0.753858061,2.541574299,0.393456922,0.849988225,29
"304","SALLEU_P5_R1_W_00001.jpg","SALLEU",5,4,1.182528391,88.826880963,9.241436248,16.866422464,9.253041107,16.873435356,7.250262911,7.8083891,16.401413734,2.429839072,0.902752711,1.919809764,0.784266201,174.627995386,0.282692268,2.45145414,1851,3941,172.385810653,0.898179184,2.447905777,0.408512456,0.79893477,30
"305","SALLEU_P5_R1_W_00001.jpg","SALLEU",5,5,1.686870495,73.064218885,13.117806267,21.638771384,13.12224026,21.637011672,9.644149105,11.516424767,21.058605289,2.708258132,1.185390242,2.185149712,0.982903007,16.790419812,0.227910206,2.818459314,2730,5234,16.074970839,1.052906136,2.223159047,0.449810373,0.816194388,31
"306","SALLEU_P6_R1_W_00001.jpg","SALLEU",6,1,1.789977589,70.298028383,16.782263465,5.169977302,16.789564086,5.16927429,8.657245212,15.448039376,4.623443789,2.552174719,1.088365418,2.211783511,1.030421937,1.253345805,0.30012213,2.562320718,3662,1280,5.100487484,1.088365418,2.14648333,0.465878298,0.896005273,32
"307","SALLEU_P6_R1_W_00001.jpg","SALLEU",6,2,1.895576052,74.193421355,8.36960236,8.338631807,8.380990071,8.332457741,9.109799451,6.871888625,7.761985924,2.670291897,1.223356477,2.231310491,1.081661382,8.675885502,0.287034067,2.736288777,1629,2066,13.007858248,1.211539438,2.062854909,0.484765068,0.849848412,33
"308","SALLEU_P6_R1_W_00001.jpg","SALLEU",6,3,2.006708914,60.635185147,16.22767535,13.698727227,16.237489625,13.699249221,8.717824094,14.663403843,13.085695834,2.876996956,1.198045653,2.329250244,1.096928572,175.211235232,0.331801267,2.877306212,3476,3249,179.15994613,1.191396795,2.123429276,0.470936335,0.849476257,35
"309","SALLEU_P6_R1_W_00001.jpg","SALLEU",6,4,1.293162979,82.807621422,9.557894713,16.725957615,9.5593719,16.726218824,7.795974738,8.369445692,16.224237969,2.265318718,0.928063534,1.898181345,0.867412509,176.931977735,0.267375913,2.267218982,1984,3976,177.653998799,0.928063534,2.188325999,0.456970305,0.878837537,36
"310","SALLEU_P6_R1_W_00001.jpg","SALLEU",6,5,1.283713572,77.361569202,12.94858899,22.014901442,12.952424086,22.016416766,7.99299223,11.499550885,21.573258703,2.547956249,0.877441887,2.067455635,0.790573135,0.003392514,0.25249874,2.547959741,2726,5210,179.905139525,0.870741165,2.615135201,0.382389407,0.833510503,37
"311","SALLEU_P7_R1_W_00001.jpg","SALLEU",7,1,1.104210421,72.979880709,16.47233972,5.441239901,16.474764731,5.440974018,5.827109196,15.464913259,5.003106144,1.898311775,0.894315769,1.719833627,0.817476965,9.534252004,0.408653659,1.924519739,3670,1352,13.823022519,0.859868827,2.103831301,0.475323283,0.907356092,38
"312","SALLEU_P7_R1_W_00001.jpg","SALLEU",7,2,1.264707984,70.129080556,9.358052254,10.716528537,9.361407661,10.717061007,6.720855502,8.204925338,10.22557276,2.214697071,0.915408123,1.961043143,0.821132479,172.976962329,0.351844695,2.22211318,1945,2520,175.317654489,0.887269314,2.388217727,0.418722292,0.891840679,39
"313","SALLEU_P7_R1_W_00001.jpg","SALLEU",7,3,1.186265445,82.900155518,16.782127749,14.598086653,16.789386233,14.593917604,6.956344775,15.705366084,14.140313487,2.041739776,0.97024824,1.727882228,0.874133694,9.062694916,0.308055911,2.053944706,3723,3488,6.249225513,0.943636503,1.976679585,0.505898886,0.889352874,41
"314","SALLEU_P7_R1_W_00001.jpg","SALLEU",7,4,1.194985237,70.832935716,9.340853821,18.471955812,9.350733623,18.470455987,7.14238146,8.188051455,18.004432566,2.126109188,0.919626593,1.766885558,0.861121114,3.287360385,0.294365102,2.141176172,1943,4446,8.497275631,0.916755094,2.051843266,0.48736666,0.862375189,42
"315","SALLEU_P7_R1_W_00001.jpg","SALLEU",7,5,1.311866044,68.077985702,13.348150554,22.972581495,13.353775595,22.97209007,7.175208526,12.149195359,22.454919061,2.113453776,1.046180711,1.723998273,0.96886392,8.409636022,0.320206616,2.150249274,2880,5520,11.772874062,1.034691496,1.779401873,0.561986595,0.861877872,43
